{"language": "en", "subreddit": "politics", "author": "ravia", "body": "\nWhat is the \"ground level\"? There is a naive assumption that the ground is the street. It isn't. The ground is a metaphysical concept. It is founded, to be sure, on the basic understanding of \"ground\" that we have: the ground beneath our feet. The Occupy movement, like any positive movement today, must have a special philosophical component, one that is released, through another kind of \"occupation\", to enable critical philosophical thinking in a certain way. It must be able to contend with essence and this business of the metaphysical as such. \n\nThis seems far too great a burden. The mere mention of \"philosophy\" as such will excite a sleeping best whose thousand tentacles will begin stirring, each offering up an author, a rubric, a discipline, a subdiscipline, each tentacle covered with suckers and barbs, catching the unsuspecting and the mesmerized with footnotes, tantalizing terminology and just enough radicalness to inspire, such as the Marxian promise of changing the world, th Freudian promise of understanding the real mechanisms of our enslaved psyches, the Nietzschean promise of moral revolution, all forming the practical straight jacket that will draw the consumers of intellectualism into a hidden, capitalistic enterprise. Nor will anti-intellectualism of the usual sort be of much help, since it will return us to the ground upon which our first excurses issued: impotence, a certain enslavement, another straight jacket. \n\nBut here we have the concept of \"ground\" again. The ground is what gives stable footing -- no, silly, not your actual feet, your physical feet, this is meta-physical -- secures and enables, restricts automatic decent, holds up, provides a basis, a basis-for, etc. That's what \"ground\" means. \n\nThe intellectualism of a practical Occupy movement must be able to journey through the intellectual morass and come out with the a journeyman's tools, such as a workable concept of \"metaphysics\" and of \"essence\". Certain critical movements in philosophy have developed paths for doing this, such as Heidegger's decisive confrontation with Western metaphysics and his meditations on Thinking. There is no easy way here, but there are highly practicable ways, provided one is able to think freely. \n\nWithout thinking \"ground\" as such, Occupy tends to situate itself on the supposedly obvious \"ground\": the street, what you can walk to, etc. That, too, is a ground, but it's not the majority of grounds that obtain. The more important grounds to begin occupying, and Occupy does appear to making some moves in this direction, are on the order of actual financial practices. \n\nOne such ground is Walmart. Kudos to the movement afoot, but can we think of an \"Occupymart\" that would provide real competition to Walmart? Staffed and run by people who have no profit motive whatsoever, it would accept a provisional form in which it would offer the usual products: HD TVs by brand name manufacturers, for example, pending the emergence of any occupy-style brands: Yes, Occupy TVs. A company making TVs with no profit motive aside from self-sustenance. No income for workers and management -- to the extent that a hierarchical process is retained -- aside from the kind of income draw one sees in not-for-profit ventures. Yes: management. Yes, hierarchy, again, in the pending form: pending migration to a less and less hierarchical format.\n\nOccupation of the street does not mean shutting down all traffic, as if this violence were feasible aside from a rare moment of hubris. CEOs can still drive down in their limos, true enough, even if onlookers are thinking of ways to put real limits on that sort of extravagance. But that is reality. It is the reality of Occupy, whether it wants to admit this or not. \n\nAn Occupy product does not have to mean Occupy Lentils and strictly organic products, leaving aside even critiques of organics. It must mean a basic pending strategy, but it must mean above all getting at the essence of critical metaphysical operators like \"ground\" in order to get off the ground. \"Off the ground\"? And what ground is that? It's not about aviation, is it? It's about getting off of what pulls one down, keeps one trapped and away from flight, circuits enjoyed by others, by institutions, etc. But such a sense of \"ground\" relies on our understanding the essence of ground in a basic thinking that can sort out what is essential. This means a way station of thought for which a certain work is critical: one that thinkingly thinks the question of thought without falling into intellectual capitalism, impossible nomenclature and operators, etc. So Occupy must occupy some sense of \"philosophy\" or \"thought\" along the way.\n\nOccupy stays too close to the ground. It's \"ground\" efforts are laudable enough, but it will not take flight without this thought, this thinking of metaphysics and essence. \n\nWalmart is situated on a ground. It has its groundings. It occupies -- indeed, Occupy must learn to think what \"occupation\" is as well -- a space, a place, but it is a highly complex location that is in no way reducible to physical location. Only something that gets beyond the physical, something after or \"meta\" physical can do this. On this basis, it can ask what it means to Occupy a truly competing space with something like Walmart, and this obviously means any capitalist enterprise. \n\nThis doesn't speak to the issue of structural reform regarding other operations, other things already \"occupying\" space and place in the world of commerce, capital, business, finance, ownership. \n"}