{"language": "en", "subreddit": "politics", "author": "ravia", "body": "Those things are there. However, this problem remains (bad flapping as I'm calling it). The left has its own tribalism. It reduces in problematic ways. The things you say about terrorism, for example: one prominent leftist gave a talk in which he simply said \"George Bush is Hitler\". The general rhetoric was: \"No war for oil, stop US imperialism\". This was its own form of the same tribalism, the creation of simple sides/opponents. \n\nOne can go through your list here (which I'm very sympathetic with, btw) and show that for each one there is a \"foot in the truth\" to some extent:\n\n\nLeftists tried to take the Patriot Act as Nuremburg laws, which they weren't. The logics of \"extreme measures in the face of extreme violence\" were what was at issue. Should you torture to stop the bombing of 9/11, in some extreme circumstances? In a most extreme scenario, it is possible that could be advisable. Turns out you don't get muc from torture,but that's going \"too deep\". But it wasn't reducible, in any case, to patriotism: it was founded on a real, horrific violence. But simply to flap it as \"patriotism\" is a bad reduction, although that condition does, indeed, obtain some of the time. \n\n\n\"Punishing\" (capture/kill) is not just \"patriotic\" as you are putting it; it can potentially be a matter of safety in preventing horrific bombings. I believe in alternatives, but this reduction hands it to them on a platter. Thanks for the reduction.\n\n\nThe problem is that abortion is, in fact, the destruction of a kind of potential human life. I am for abortion, but the reduction of the OTHER, as you put it, to nothing but an absolute follower is a mistake, and hands the issue back to them on a platter, even if they may be prone to the logic you cite, itself badly reductive.\n\n\nSome poor people are assholes. I am for universal healthy coverage, and I want even to help drug dealers and keep them from dying (plus I think that all drugs should be legalized). But there is a core element of an independent spirit and spirit of responsibility for oneself that they are operating, and if you reduce them to deciding who is \"real\" and who isn't, it won't work.\n\n\nThey will say, somewhat rightly, that it's a matter of those not going through the proper channels. Why are those channels there?\n\n\nThe truth of sexuality runs deeper than that. Do you think guys who go to the strip club and go home together should have sex? Why is girl on girl sex so widely accepted (and encouraged) and guy on guy sex not? It's not reducible to their deciding who is \"real\" or not; it arises also from within the conditions of sexual experience. This is not to say that there shouldn't be more guy on guy sex, even among healthily functioning heterosexual males; on the contrary, there should be, and more recognition of non-functioning heterosexuals (as they become rather dangerous), but your reduction is inadequate, so it hands it to them on a platter, again. Same-gender sex is not simply a matter of \"sheer\" preference: it is a fundamental possibility for many functioning heterosexuals, which is how many conservatives frame it. How is it to be off limits? How is it to be understood or managed? The ethic the left should be developing is not happening, while the language, understanding and terms of the left are inadequate but nevertheless positive steps in the recognition of immutable homosexuals and (ostensibly) bisexuals. But the problems with this run deeper than that treatment.\n\n\nIt's hard to argue with this one, but it's still a bit reductive. Communism was, indeed, very messed up. Their fear of social democracy is bad, I agree, but I don't know if it is reducible to determinations of who is \"real\": it lies within the core substantive issues concerning socialistic programs, which do involve some degree of forcing people to do things for others. This needs to be arrived at through another basic operation by the left, not only or mainly by countering the bland, stupid conceptions of the right. This is where the left is doing badly, though the health care law is a (tenuous and endagered) step in the right direction. The problem is that here the left, busy countering in the manner you are using, don't make it to the really crucial things, which is why it took this long for health care reform to begin to happen.\n\n\nI do agree with this assessment of their views. One of the main problems is that that holy book is also operating quite robustly on the left, in the \"there is evil in the world\" (Nobel Prize acceptance speech of Obama), \"God bless America?! God damn America!\" (Obama's \"former\" pastor from whom he distanced himself for strictly political expedience, but not because he is not, inf act ensconced in that sensibility). Here is where the left is most corrupt: they are in bed with the criminal justice system, performing multiple forms of coitus. The openings of the sixties were shut down by the spirit on the left, plain and simple. We pay for this daily. \n\nThe left is tribal too. The very concept of \"left\" as such is a lateral concept of sides. A more original progressivism must be founded on a more essentially thougthful nonviolence. That thoughtful nonviolence must take laterality as one of its problems, including \"bad flapping\" and reductionism. Without doing so, you fall back into bad flapping, which ensures less progress and substantive engagement on critical issues. There is no way to attain greater progress without the emergence of thought and nonviolence as independent values, and then working through each problematic you point out more substantively. The left is far, far more complicit in the dominant Zeitgeist than you either see or are willing to admit. \n"}