{"language": "en", "subreddit": "politics", "author": "ravia", "body": "Part 3\n\nTo continue for a moment in the \"Gandhian\" vein, it should be noted that the kind of justice Gandhi advocated, even as a lawyer, was restorative, involving mediating with perceived wrongdoers and their victims, working out real solutions, etc. Even if and as he also expressed respect for the British system of law, albeit with a certain strategy, given that he was protesting the occupation if India by the British. \n\nBut I won't hesitate to point out that my stance here is a kind of protest concerning an occupation of \"nonviolence\" by things like the Occupation movement. That this writing I am doing here now is meant to be a definite \"spinning\" in a decidedly Gandhian sense, that it is a certain satyagraha or \"nonviolence thoughtaction\", as I call it. \n\nAnd this \"Gandhian\" nonviolence, which must be thought, along with mohandas gandhi in a more original form than the slavish following of a Leader, is what is at stake in the questions I am raising here; it is what is being decided in this event, and has been decided again and again throughout many recent years, in many forms of protest that have taken up nonviolence as a tactic. From the Reverend Dr. Martin Luther King, Jr. on, in the US, for example. And what has been decided has to do with the character of nonviolence that has developed. It pertains to the \"rage\" you mention in your comment, to vast enterprises of highly moneyed and popularized motifs and sold and packaged experiences of rage against the machines of capitalist and political production, enterprise and institution. \n\nI understand your point about rage. I don't think it is simply to be gotten over. Yet at the same time it must be pointed out that rage is a kind of mobilization, a preparation for violence, a surge of emotion, an experience of anger, issuing from a pain, a harm, a perceived wrong. At the same time, unchecked it clearly can lead into the general problem of secondary violence and forcing. In the face of a wrong, we may surge outward with our reaction to this harm and seek to impose through the force of this rage.\nYet what is exacted in such an enforcement is always a dim shadow of the original non-harm that we should like to have seen in the first place. The entire criminal justice, founded on punishment ever bit as much, if not more than, the protection of society from wrongdoers is founded on this secondarization. It exacts a harm from the criminal or wrongdoer. It is rife with a number of fairly obvious problems, mainly having to do with the fact that the compliance of the wrongdoer is itself a secondary compliance, not arising from an original non-harm or nonviolence. It forces from a certain \"outside\" that which is not or was not forthcoming in the original circumstance. The wrongdoer is \"sorry\", but this is mainly because they have been harmed in reribution. They may \"cry\", but they are not tears of the melting heart, of authentic remorse based on true understanding and empathy (yes, empathy), but because they were caught and are being harmed.\nThis is a very simple principle that lies at the heart of Gandhian nonviolence. And this is the nonviolence that is being destroyed in the current scenario as it is destroyed continually in rage-based activism. But there is much more involved. Just as military actions, which exact \"compliance\" based on such secondary force as well, yield many side-effects, including of course collateral damage, but also many other effects as well, retributive justice feeds into a massive dominance of secondary violence which has many effects of degrading even the original harm, even as it marshals the forces, in rage, in response to the original harm. But more than that, it reinforces a general condition of \"justice\" as a process of visiting harm in retribution on perceived wrongdoers. Altogether, it is a massive enterprise, social conditon, a philosophy, ideology, psychology that is tokened out and fed/feeds immense and pervasive media, just as war, more specifically, connects with enormous mentalities, war movies, motifs, stories of heroism and much opportunity for profit, only some of which is strictly monetary. \n\nThe basic principle of nonviolence that confronts this is part of what is in play in Gandhian nonviolence. It doesn't simply refrian from violence in order to \"follow the rules\": it seeks to disrupt this system of secondary reaction. But it is connected at the same time with the positive work of returning to the original conditions of harm, ameliorating this, and enjoining the other/oppressor to come to this original relation. In juridical/penal settings this tokens out into the rubrics of restorative justice and victim-offender mediation. These are not vigorously pursued by prevailing activism, to say the least, even if such activism at times decries the bloated criminal \"justice\" system. Yet it does so not only impotently, but in, frankly, a very corrupt way. That corruption lies at  the heart of the rage you mention. \n\nIt is certainly not a simple matter of reversing rage, getting over it completely, nor, as is often thought to be the case, of \"channeling\" that rage, as if rage were in fact the proper emotional context for positive amelioration. For positive work. For creation. For solutions. For enactment of solutions. For, inded, revolution, change, growth, incubation of new ideas, implementation; for what I call enconstruction, enarchy, envolution. \n\nBut these last possibilities, which should be highly in play right at sites of wrongdoing, are decidedly put out of play in the movement. And this shut-down is deeply associated with the problems that are increasingly being expressed by activists in the movement as well, not to mention the common complaint of the so-called \"lack of narrative\", lack of positive action, lack of goals, etc. It's not quite that simple, no doubt, and there is a narrative, called \"Wall Street and its problems\", so I realize it's not wholly without a plan. \n\nYet, at the same time, like the militarism that scarcely knows how to plant a single field of wheat for the starving, the rage-based retributivism, constantly invoked by the desire to see corporate wrongdoers referred to the very criminal justice system that is otherwise decried, must contend with the problem of this other Wall Street: the great capitalization of rage and the great obesity that associates with its facile occuption of our minds and emotional exerience with media that exploit the emotion, precisely, of rage, outrage, righteous rage and its easy fit with sound byte restrictions, placard pronouncements and thematic and narrativic power and energy within dramas, music, rallying cries, themes and memes. \n\nThe impotence of the movement lies in its focus on Wall Street at the experience of the opening of this problem of the Other Wall Street: the great capitalization on rage, the creation of arena after arena of righteous \"justice\" as smackdowns, incarcerations of the bad (or evil), demanded resignations, making the mighty fall and \"get what they deserve\": the visiting of secondary, retributive harm as just desserts, be they the monotony and destruction of life in the prison system, the fall into disgrace, the shunning of social targetting, or even the pure reception of rage in a soul-ripping experience of a certain Truth in conscience. \n\nAnd this last, exemplified by the stare line and the chancellor's walk before the silent mass, is intimately connected with what has happened again and again to nonvioelnce. This is why the occupation movement must be occupied in turn, by a turning that happens at the very juncture of rage's great energy and potential for development. I'm not saying that development is a good thing, if you haven't discerned that by now. \n\nAs I said before, the original action was largely a good one: the kneeling students, for example, with arms locked. The bigger picture could well reveal that the level of disruption could in fact be perceived as threatening. While the pepper spray was brutal and too violent in itself, it should be noted that such spraying does probably take place, along with tazing (which is much more dangerous than is recognized by police), on a regular basis in the bar areas around the UC univiersites, like so many others. And these go without much protest in their usual applications.\nWhile many exhorted the police (a noted poet is seen in a recent video pleading with the cops to \"use their heads\", that the protesters where he was protesting were not going to hurt anyone), it can be said, without much effort, that they crowd overall was looking a bit threatening. But not the kneeling students, that's for sure. I'm not trying to disupte this nor am I at all satisfied with any attempt to fixate too much just on them without considering the overall crowd behavior, either. Nor, to be sure, the behavior of the police, their tactics and policies, and the chancellor's role in calling in the police. \n\nFor her to take \"full responsibilty\" for the behavior of the police was a mistake on her part, however. A rogue \"bad apple\" could have shot a student, and it would be utterly wrong to pin that on Katehi. Ultimately, and this goes against the grain of the movement's strong preference, the whole business of taking it to the highest \"leader\" plays into the \"leader\" orientation more than it realizes, in that it may be important just as well to identify specific police and their specific actions. To put this all on Katehi, who appears actually to have been apalled by the spraying, does \"pass the buck\" more than it may seem.\n\nIn these regards, the focus on Katehi (leaving aside her appalling income level!) goes along with a tendency of the movement to develop and supplant a complex situation with simpler \"bad guys\" and even scenes of skirmish.  \n"}