{"language": "en", "subreddit": "politics", "author": "ravia", "body": "I'm making it exactly as complicated as it is and doing the very best possible reductions that are needful for this issue, I think, unless I see something better, of course. I don't say this to be reactive to you and I'm not disagreeing with you (where I am doing so) in order to be argumentative or enter into \"debate\", as they call it. However.\n\nFirst of all, apples and oranges are both fruit. When it comes to mortality, it has a special privilege in that it must motivate us to make these kinds of comparisons between the disparate. And there are more similarities in the matter than perhaps you are allowing. \n\nThe people protested Vietnam because of the draft, which was the elephant in the middle of the living room in the sixties, giving so much peace activism the lie. This issue itself will already take you into the zone. One important way of putting it is that people were not just sent to fight, against their will. They were sent to die and be maimed, permanently disabled, etc. In this regard, they are both fruit: the illnesses into which we are \"drafted\", so to speak, do these things to us. They kill us, they maim us. Yet, as you say, it's also different: it should not be seen as quite so different is what I'm saying. And that, in turn, leads into the critique of the antiwar movement of the 60's. It leads to a more active engagement at a more fundamental level. Everyone who opposed the war in the 60s was not a \"fake peace activist\"; some were actually against war at a truly fundamental level. This is a minority. It is out of this more fundamental level that a more robust response to the \"dark mortality\" of the health care issue as well as a response to the current warring can only or must emerge.\n\nThat they are fighting the government against being forced to have health insurance only shows the degree to which the fundamental levels in this are not adequately activated, developed, and have not adequately broached and developed the specific topics of non-harm and non-violence. The movement for health insurance issues from the best of the progressive side of things as a response-ability due to the facts of the complicated case: the mortality rates, the costs, the sheer complexity, the loss of the issue into squabbling, the need for regulation, the management (and not just \"menuing\") of anecdotal and statistical evidences as to the overall situation.\n\nBecause of these featuers, thought must emerge as an independent value and be able to do what is most necessary to do in this situation: carry out adequate reductions in a complex space (as opposed to cheap reductions, or \"menuing\"). But at the same time, the fundaments of non-harm and nonviolence must emerge as adequately clarified principles, values and themes.\n\nWhen these desiderata are accomplished, the mortal gravity of the situation emerges. The numbers speak for themselves and admit of the comparisons you are trying to rule out. They are comparisons, not equations, true enough. And there should be more such comparisons: when the mortal gravity of the truth is kept in mind and allowed to develop to fruition, the fruit in question admit of many such comparisons: apples, oranges, bananas, kiwi, you name it. It comes with the territory. \n\nThe problem in the issue is accomplishing the \"entrance into the zone\" or these certain specific minimals that can not be left unopened and undeveloped. \n\nThere are several things that can be said about the union reactions, all of which have great pertinence for these issues, and can be read back on to the 60's protests, for that matter. But look at this: \"it affects the union workers' lives in a negative way\": no doubt. Dude. So does cancer and not having health insurance, although, to be sure, unions ensure health insurance, don't they? \n\nThe union that has to happen must meet the critical minimal requirements I was pointing to here. The must adequately accomplish the emergence of thought that is genuinely capable and the adequate concepts of nonharm and nonviolence. Health care is not just a \"big\" issue: it is one that is shot through with truly mortal gravitas. This mortality is systematically disabled, eclipsed and mismanaged owing to a variety of failures, cooptions, corporatizations, and so forth. \n\nThe work that enables the realization of these desiderata I provisionally term \"nonviolence and nonharm thought/action or 'thoughtaction'\", as I put it, in that thought and action are given to a more essential realization and not relegated to two distinct areas of \"action in the real world\" and \"thought  in the form of theory, dissertations, ivory tower or isolated academics\". I see no other way for this work to happen, so I engage in this kind of \"spinning\" of this kind of basic truth as it is needful and I am working as best I can in response to these issues.\n\nI defend my entry into \"the complicated\" and my longish posts in that they move into that area in a special way and emerge with precisely the most defensible reductions and use of that sparse time and chance for sustained thought in an environment dominated by forcing of over-simplification and sound-byte thinking. \n"}