{"language": "es", "subreddit": "vzla", "author": "antesdelunes", "body": "Voy a explicarte algo que quiz\u00e1s t\u00fa no sepas. La deuda total de los EEUU es de 20,5 billones de d\u00f3lares m\u00e1s o menos (no billion dollars sino trillion dollars), una cosa tan exhorbitante que se sabe que jam\u00e1s se va a pagar. La deuda es una de las cosas que les permite a los estadounidenses tener ese estilo de vida tan ch\u00e9vere y tan derrochadora que todos los dem\u00e1s en el mundo jam\u00e1s van a poder igualar. \n\nLo que pas\u00f3 fue que Richard Nixon abandon\u00f3 el patr\u00f3n oro por all\u00e1 en los 60s y decidi\u00f3 que era m\u00e1s ch\u00e9vere si la maquinita de dinero sacaba d\u00f3lares que no estuvieran respaldados por nada f\u00edsico sino por la fe en los EEUU y su econom\u00eda. La maquinita de dinero fue lo que ayud\u00f3 a Ronald Reagan a financiar la campa\u00f1a armamentista que termin\u00f3 ahogando a los sovi\u00e9ticos y que dispar\u00f3 las tasas de inter\u00e9s activas que por esa \u00e9poca todos los pa\u00edses latinoamericanos pagaban por sus respectivas deudas externas, lo que origin\u00f3 el descalabro econ\u00f3mico de nuestros pa\u00edses en lo que se conoce como la d\u00e9cada perdida. Los gringos tienen una frase bien ch\u00e9vere para esto que solamente les gusta aplicar al \"todo gratis\" de los socialistas mas no a sus propios \"todo gratis\": There is no free lunch.\n\nO sea, qu\u00e9 ch\u00e9vere como Reagan acab\u00f3 con esos sovi\u00e9ticos majunches, que se haya cagado en nuestra econom\u00eda es tan s\u00f3lo collateral damage (bueno, eso y el bloqueo a Nicaragua; la contra y las guerras civiles en Centro Am\u00e9rica; la operaci\u00f3n Condor en el cono sur y el apoyo a las dictaduras en Bolivia, Brasil, Argentina, Uruguay; Hait\u00ed, Grenada, el entrenamiento a los paras en Colombia, etc. pero eso forma parte de otro cuento).\n\nLa maquinita de dinero funcion\u00f3 y sigue funcionando todav\u00eda porque los commodities, principalmente el petr\u00f3leo, se negocian en d\u00f3lares. Todo el mundo tiene que tener d\u00f3lares para comprar y vender el petr\u00f3leo incluso entre pa\u00edses cuyas monedas no son el d\u00f3lar. Una cosa fue llevando a la otra y eventualmente casi todo el comercio mundial se hace en d\u00f3lares, a\u00fan cuando v\u00eda devaluaci\u00f3n se va transfiriendo poquito a poquito valor de las reservas de cada uno de estos pa\u00edses y de todos aquellos que tienen d\u00f3lares a los EEUU (otra vez el cuento del free lunch). En estos d\u00edas una ciudadana china demand\u00f3 al Federal Reserve Bank por su monopolio en la devaluaci\u00f3n del d\u00f3lar, bien divertido por lo ingenuo de la cosa, ac\u00e1 est\u00e1 la nota de prensa. \n\nHa habido casos en que pa\u00edses han querido romper con el petrod\u00f3lar. Uno de ellos fue Iraq justo antes de que Saddam Hussein fuera derrocado. Ac\u00e1 est\u00e1 la tercera parte de una serie de excelentes art\u00edculos del economista y escritor Austr\u00edaco Jerry Robinson titulado \"The Petrodollar Wars\" donde expande con mayor claridad algunos de los puntos que he mencionado. Har\u00edas bien en leerlos (est\u00e1n en ingl\u00e9s). \n\nOtro que tambi\u00e9n quer\u00eda romper con el petrod\u00f3lar fue Qaddafi, justo antes de que tambi\u00e9n lo derrocaran... Ac\u00e1 hay un video de una nota de RT al respecto, quien lo subi\u00f3 lo titul\u00f3 con un juego de palabras particularmente acertado Gaddafi Wanted Gold - Got Lead Instead of Petrodollars.\n\n\n\n1) El hecho de que la Uni\u00f3n Sovi\u00e9tica haya intercambiado unos productos por otro no demerita este sistema de intercambio. La caida de la Uni\u00f3n Sovi\u00e9tica tuvo causas complejas: desde la misma carrera armamentista, el pantano en el que se convirti\u00f3 la ocupaci\u00f3n militar en Afganist\u00e1n, la pesada carga burocr\u00e1tica del Estado, la p\u00e9rdida de la batalla comunicacional que inclu\u00eda adversarios tan poderosos como Mtv o la dupla Lech Walessa / Juan Pablo II ... No estar\u00eda de m\u00e1s que repasaras tus conocimientos de historia reciente antes de hacer afirmaciones fuera de base que no tienen nada que ver con el punto tratado. \n\n2) \u00bfPor qu\u00e9 no hay m\u00e1s gente haciendo este tipo de intercambios? No porque sea malo, sino simplemente porque no interesa. La necesidad de conservar el petrod\u00f3lar es fundamental para el mantenimiento del estilo de vida estadounidense (otra vez, si tienes chance lee los art\u00edculos de Jerry Robinson) tanto que quien se pasa de la raya se depone (s\u00edguele la pista a la situaci\u00f3n en Ir\u00e1n)\n\nPero adem\u00e1s, los dem\u00e1s pa\u00edses no son tontos tampoco y saben que hay que ir deshaci\u00e9ndose del sistema poco a poco, una estampida repentina significar\u00eda el fin de la econom\u00eda mundial. \u00bfC\u00f3mo sabemos que es as\u00ed? Lee algunos art\u00edculos de un tiempito para ac\u00e1 para que te des cuenta (aparte de los enlaces que envi\u00e9 ac\u00e1 van otros para que te entretengas un rato). \n\nAustralia dumps US Dollar for Chinese Yuan\n<URL>\n\nChina and Russia are Acquiring Gold, Dumping US Dollars\n<URL>\n\nDollar no longer primary oil currency as China begins to sell oil using Yuan\n<URL>\n\nJapan and China to start direct currency trading on Friday\n<URL>\n\n3) Por \u00faltimo, como te quedaste pegado en el cuento de la Uni\u00f3n Sovi\u00e9tica cay\u00f3 / socialismo es malo / el gobierno es una basura ni siquiera te molestaste en discutir sobre los beneficios de la medida sobre la devaluaci\u00f3n del bol\u00edvar, los costos de las transacciones financieras y su potencial impacto en la reducci\u00f3n de la especulaci\u00f3n cambiaria. En cambio te pones a especular sobre la calidad de los productos hondure\u00f1os sin saber.\n\nComo dec\u00eda... ignorancia irracional (o en criollo, no hay peor ciego que el que no quiere ver).\n"}