{"language": "es", "subreddit": "vzla", "author": "antesdelunes", "body": "Yo entiendo lo que dices desde un punto de vista enteramente intelectual pero creo que el an\u00e1lisis del modelo debe trascender los supuestos de la econom\u00eda cl\u00e1sica sobre las motivaciones del agente econ\u00f3mico racional. \n\nVoy a poner un ejemplo: Los chinos creen que el polvo de cuerno de rinoceronte les da virilidad. Es una realidad ineludible y los beneficios econ\u00f3micos son alt\u00edsimos, pero simplemente no podemos permitir que se acaben los poquitos rinocerontes que quedan porque as\u00ed lo dictamina el mercado y porque si no los cazan unos los cazan los otros. No es correcto. \n\nEl tema de las drogas es particular, primero porque en gran medida es un \"victimless crime\": el cannabis, el mdma, la ketamina, la psilocibina y muchas otras son drogas todas menos peligrosas no s\u00f3lo para el usuario sino tambi\u00e9n para los dem\u00e1s en su entorno. He ac\u00e1 una referencia al c\u00e9lebre y contundente estudio que public\u00f3 en The Lancet el ex-asesor para el gobierno brit\u00e1nico en materia de drogas, Prof. David Nutt, que luego le cost\u00f3 el puesto. \n\n<URL>\n\nEl consumo de drogas tiene mucho que ver con la libertad individual, la moralidad impuesta y la regulaci\u00f3n del placer y el ocio. Por eso, a mi manera de ver, no es comparable con otras actividades de las que mencion\u00e9: f\u00famate lo que quieras en tu casa, s\u00f3lo no me eches el humo encima ni salgas a conducir o a manejar maquinaria. \n\nVolviendo al tema de las motivaciones de los agentes econ\u00f3micos, yo soy m\u00e1s de la l\u00ednea de Max Neef con su propuesta de necesidades limitadas y satisfactores. Yo creo que hacia all\u00e1 debe orientarse el discurso del modelo de sostenibilidad y hacer un trabajo educativo fuerte que pueda trascender los clichecitos hombres de paja esos que nunca faltan a prop\u00f3sito del \"ser rico es malo\". Supongo que es algo que no es de ya y requiere un cambio profundo de mentalidad. \n\nMientras tanto, sin embargo, es importante que la gente entienda la gravedad del problema del contrabando de extracci\u00f3n de Venezuela hacia sus vecinos. La oposici\u00f3n, en su ceguera, no s\u00f3lo siempre ha argumentado que eso es mentira, que la escasez de alimentos es por el modelo econ\u00f3mico socialista y porque el agro est\u00e1 en ruinas, sino que ahora que empiezan a salir a relucir la compleja dimensi\u00f3n de las cosas vuelve a mover los hitos. As\u00ed es muy duro que un pa\u00eds salga adelante y que tan si quiera se pueda enfrentar medidas paliativas.  \n"}