{"language": "en", "subreddit": "worldnews", "author": "returned_from_shadow", "body": "We already know from wikileaks that the US was funding Syrian opposition groups in order to destabilize Syria prior to the uprising:\n\n<URL>\n\n<URL>\n\nNeocon Propaganda Machine Pushing \u201cRegime Change\u201d in Syria:\n\n<URL>\n\nFormer Secretary of State, Hilary Clinton- \"We created Al Qaeda\":\n\n<URL>\n\nNSA, Pentagon and CIA complicit to largest gathering of terrorists in recent years:\n\n<URL>\n\nSo-called Free Syrian Army is a group of terrorists: IHCR \n\n<URL>\n\nCIA supporting and supplying Islamists with arms directly and indirectly in Syria:\n\n<URL>\n\n<URL>\n\n<URL>\n\n<URL>\n\nTwo other commanders, Hassan Aboud of Soquor al-Sham and Abu Ayman of Ahrar al-Sham, another Islamist group, said that whoever was vetting which groups receive the weapons was doing an inadequate job.\n\n\u201cThere are fake Free Syrian Army brigades claiming to be revolutionaries, and when they get the weapons they sell them in trade,\u201d Mr. Aboud said.\n\n<URL>\n\nFSA selling AA to Al Qaeda:\n\n<URL>\n\nIraq Crisis: ISIS Terrorists were Trained by US in 2012 for Syria Conflict:\n\n<URL>\n\nAl Qaeda Commander claims US helped create and supports ISIS:\n\n<URL>\n\nCIA arms smuggling to Libyan Jihadist rebels:\n\n<URL>\n\n<URL>\n\nUS government supported and supplied radical Islamic rebels in Benghazi, Misrata, and eastern Libya.\n\n<URL>\n\n<URL>\n\n<URL>\n\nEgypt's military has begun shipping arms over the border to Libyan Jihadis with Washington's knowledge, U.S. and Libyan rebel officials said:\n\n<URL>\n\nLibyan Rebels Promised Oil before uprising:\n\n<URL>\n\nIntervention failure in Libya has created a civil war:\n\n<URL>\n\nRadical Islamists gaining strength and influence in Libya.\n\n<URL>\n\n<URL>\n\nLibya worse off than before intervention:\n\n<URL>\n\nUS and US allies supporting, funding, and arming terrorists fighting against US and allied military and killing innocent civilians.\n\n<URL>\n\n<URL>\n\n<URL>\n\n<URL>\n\n<URL>\n\n<URL>\n\n<URL>\n\n<URL>\n\nUS State Dept. Neocon Victoria Nuland admits to anti Russia propaganda campaign:\n\n<URL>\n\nUS was largely behind the destabilization of Ukraine. US Neocons in the US State Dept, the CIA, and US corporations are directly involved  and have spent $5,000,000,000 in Ukraine to destabilize the region using the deep coffers of the likes of ExxonMobil and Chevron back in December of 2013.\n\nUS State Dept. Rep Victoria Nuland called for destabilization of Ukraine:\n\n<URL>\n\nNoticed the Chevron and ExxonMobil logos in the background? Well there's also this:\n\n<URL>\n\nVery important to note that Victoria Nulands' husband is Robert Kagan, a rightwing extremist who works for the Neoconservative Brookings Institute. Whose father is Donald Kagan another warmongering rightwing extremist and PNAC signatory. And whose brother is Fredrick Kagan who works for the Neocon foreign policy analyst group the Institue for the Study of War.\n\nI.M.F. Prepares $18 Billion in Loans for Ukraine (just that headline alone says volumes and speaks for itself):\n\n<URL>\n\n<URL>\n\nUkraine Violence Escalates, Leaked Tape Suggests U.S. Was Plotting Coup:\n\n<URL>\n\nThe following was a comment that provides insight into US State Dept. involvement in the destabilization of Ukraine. (Keeping in mind that the CIA works closely and shares facilities, equipment, and resources with the State Dept.)\n\n\"Victoria Nuland - Assistant Secretary Of State To The United States. Geoffrey Pyatt - United States Ambassador To Ukraine. This pertains to the leaked phone call that caused controversy which has a full transcript below. Victoria Nuland is suggesting which politicians would be \"best for Ukraine\" and Mr Pyatt agrees to set them up for meetings.\n\nFull transcript of the call here (BBC):\n\n<URL>\n\nNow, the real story is who Victoria Nuland's husband is and what is going on in Ukraine. Victoria Nulands husband is Robert Kagan.\n\nMr Kagan was the co-author of The Project For A New American Century (PNAC) which is an extreme foreign policy document written by the Bush Administration hawks which led to the Iraq War. Mr Kagan is considered to be a Neoconservative because of his foreign policy approach, particularly in the Bush Administration and his constant war rhetoric.\n\nSo you have the wife of a Neocon suggesting to the US ambassador to Ukraine which politicians would be best for Ukraine. If you look at all the people in the Bush Administration, democracy is not something that jumps out at you because of the histories of these clique of people.\n\nThrough his wife Victoria Nuland, Robert Kagan is just one example of Neocon involvement in Ukraine. The National Endowment For Democracy (or NED) is an NGO given $100 million a year to \"promote democracy\" in other countries by the US Congress. What they really do is fund opposition groups in places like Ukraine and Venezuela to undermine the government because the US have no reach into it.\n\nHere's the 2012 annual report for funds going into Ukrainian opposition groups from NED:\n\n<URL>\n\nAnd for 2013 (latest):\n\n<URL>\n\nWhere it gets interesting apart from millions of dollars of funding for political opposition is the members of the board who are directing all of it.\n\nNED board members:\n\n<URL>\n\nIt has the typical think tank setup with Neocons straight from the Bush Administration and you guessed it, good pals with Robert Kagan who's wife is advising the US ambassador to Ukraine on who should be in Ukraine politics. Not only that, but there was another example of involvement from a few months back that I remember quite well. A news anchor from Russia Today quit live on air saying she couldn't stand putting out Putin propaganda as an American but what wasn't widely reported was that she was pushed to do that stunt by (you guessed it) a Neocon.\n\nLiz Wahl quits RT - The Guardian:\n\n<URL>\n\nJames Kirchick goads Liz Wahl to quit RT - he works for Bill Kristol (Neocon) who co-authored PNAC with Robert Kagan (Victoria Nuland's husband):\n\n<URL>\n\nHow Liz Wahl Worked with Bill Kristol\u2019s Neocon Think Tank to Plan Her Resignation from RT:\n\n<URL>\n\nWherever these guys are there is trouble. They made sure the Iraq War happened, planned it all and have a very dangerous foreign policy agenda which costs many lives, causes instability and costs the US trillions while they setup business straight from other peoples misery. Whatever you think about funding democracy, it should change once you know who is actually in charge of the programme. Operation Iraqi Freedom sounds great until you look at the finder details.\"\n\nThe original comment and additional links posted by the now deleted account of /u/Plstxtme can be found below:\n\n<URL>\n\nUS takes aggressive anti-diplomatic stance, Ukrainian President gives up peace talks: \n\n<URL>\n\n<URL>\n\nUS State Dept and American media complicit and overlook Ukrainian government atrocities against civilians:\n\n<URL>\n\nUS backed rightwing coup and oppression in Honduras:\n\n<URL>\n\nUS Government contributed to recent unrest in Venezuela:\n\n<URL>\n\nCIA Involved In the Coup Against Venezuela's Chavez:\n\n<URL>\n\n<URL>\n\n<URL>\n\nWhy the US demonises Venezuela's democracy- Venezuela is about to hold impeccably free and fair elections. Yet the US treats it as a dictatorship\n\n<URL>\n\nHuman Rights Watch ties to the CIA:\n\n<URL>\n\nUS backed coup in Haiti:\n\n<URL>\n\nWikiLeaks Haiti: Let Them Live on $3 a Day-\n\nThe US Embassy aided Levi\u2019s, Hanes contractors in their fight against an increase in Haiti\u2019s minimum wage:\n\n<URL>\n"}