{"language": "es", "subreddit": "mexico", "author": "hseldon10", "body": "Tu FTFY pervierte el sentido de mi comentario. Mi comentario no es sobre las condiciones actuales. Es sobre, aun si hicieramos cambios en las condiciones actuales, habr\u00eda inequidad.\n\nEl costo no necesariamente es financiero. Es cierto que no tienes que erogar dinero para tener una jornada laboral m\u00e1s corta, pero cuesta en \"hora-hombre trabajada\". \u00bfComo se va a pagar?\n\nNota, no digo que no sean necesarios o que no sean adecuados. Solo digo que necesitamos hacer algo m\u00e1s para que esto sea posible. Ah, por cierto, el permiso de maternidad es prestaci\u00f3n de ley.\n\n\nYo tampoco lo soy. Solo que a mi no me gusta que alguien m\u00e1s controle mi destino, y estoy dispuesto a hacer sacrificios para ganar. Eso es por que yo no estoy esperando que nadie me de nada, ni tampoco creo que mi lucha deba ir en ese sentido. Si quiero algo, trabajo por lo que quiero, aunque cueste unos meses de incertidumbre; aunque sea dificil en un ambiente incierto.\n\nSi tu empresa no respeta tus derechos laborales, dem\u00e1ndolos. Si estas insatisfecho con las prestaciones extra-legales que obtienes, cambiate de trabajo. Si estas insatisfecho con la ley, haz algo para cambiar la ley. Si estas insatisfecho con como son las empresas en el pa\u00eds, haz empresas diferentes. Esta proactividad, y no la protesta, y no los comentarios sarcasticos, y nunca el coartar la libertad de otros, es la \u00fanica forma leg\u00edtima de \"lucha\".\n\n\nMi experiencia de varios a\u00f1os me dice que a la legislaci\u00f3n le sacan la vuelta, y a la judicialidad la compran. Lo \u00fanico que entienden los empresarios es su \"bottom line\": sus ganancias. Si es m\u00e1s rentable dar prestaciones que no darlas, las van a dar. \u00bfComo lo haces m\u00e1s rentable? De tal forma que si no las dan no puedan producir por que no tienen empleados. De tal forma que si no las dan no pueden vender por que el mercado prefiere comprar de empresas laboralmente responsables. De tal forma que si no las dan, no pueden vender por que el competidor es m\u00e1s productivo y alcanza mejores precios. \u00bfComo provocas esta situaci\u00f3n? Con mejores empresas. Si no estas dispuesto a crearlas, entonces no te quejes.\n\nPor cierto, no se necesita ser \"santo empresario\" para tener una empresa socialmente responsable. Solo se necesita ser un empresario con una visi\u00f3n que va m\u00e1s all\u00e1 del siguiente trimestre. No creo que sea tan dificil.\n\nCreo que nuestro diferendo est\u00e1 en lo que consideramos \"luchar\". Yo no creo que una protesta, una manifestaci\u00f3n, una demanda, o una expresi\u00f3n en el peri\u00f3dico sean \"lucha\". Para mi, son \"p\u00e9rdidas de tiempo\". La \u00fanica forma real de cambiar las cosas es a trav\u00e9s del esquema de rentabilidad de una industria, una sociedad, un pa\u00eds. La gente hace lo que se le premia, y si se le premia por tratar mal a los empleados (o por usar a los agremiados del sindicato para obtener votos), eso es lo que va a hacer. Hasta que no cambien esas condiciones, no habr\u00e1 un cambio real. Esas condiciones nunca se van a cambiar por ley. Se cambian por competencia.\n"}