{"language": "es", "subreddit": "Monterrey", "author": "hseldon10", "body": "Yo tengo conocimiento. Voy a contestar tu pregunta antes, y luego dar\u00e9 unos datos semi-relevantes que te pueden ayudar a emitir un juicio sobre la probabilidad de lo que puede ocurrir en el futuro:\n\n1.- Quien propuso la postergaci\u00f3n del periodo de gracia para el replaqueo y tenencia fue el partido en oposici\u00f3n (PAN) y no el partido gobernante (PRI).\n\n2.- El PRI no tiene ninguna intenci\u00f3n en retrasar el pago de tenencia. Entre m\u00e1s pronto se pague, mejor.\n\n3.- No hay ni habr\u00e1 anuncios de postergaci\u00f3n de pago.\n\n4.- Como siempre hay gente que de todos modos no paga, al final del a\u00f1o siempre se anuncian descuentos en multas y recargos. Pero, aunque esa sea la costumbre, no hay garant\u00eda de que as\u00ed ocurra.\n\nOtros datos \"semi-relevantes\":\n\na) La tenencia es Estatal. Es decir, quien la cobra en NL es el gobierno de Rodrigo Medina.\n\nb) Cuando Nati fue Gobernador, hizo su Forum que cost\u00f3 $2,500,000,000 pesos, o 100 veces m\u00e1s que el puente atirantado. Como NL no ten\u00eda el dinero, lo pidi\u00f3 prestado. El prestamo consisti\u00f3 en un bono de deuda a 30 a\u00f1os (de los cuales llevamos 3 a\u00f1os). La garant\u00eda del bono es el dinero recabado de tenencia, placas y replaqueo, multas vehiculares, y cuotas de la autopista a Reynosa y autopista al Aeropuerto. Es decir, todo el dinero recolectado de esos lugares se va directito a pagar el Forum, y lo har\u00e1 por 27 a\u00f1os m\u00e1s.\n\nc) Si Rodrigo Medina, ahijado pol\u00edtico de Nati, decidiera eliminar la tenencia, esto significar\u00eda incumplir con la deuda del Forum, metiendo a NL en serios problemas. \n\nd) NL est\u00e1 quebrado. Tenemos tanta deuda y tan pocos ingresos gubernamentales que no podemos pagar ni sueldos de servidores p\u00fablicos. El problema es peor al considerar que la principal fuente de ingresos estatales, la Tenencia, se va a pagar deuda del Forum y no contribuye al Estado. El Estado no tiene de donde sacar para substituir el pago que la tenencia hace a los tenedores del Forum.\n\ne) El PAN ve esto como un problema del PRI, y no algo que le concierna a todos. Es por eso que seguir\u00e1 presionando y picandole al PRI en la tenencia, donde saben que el PRI no se puede mover. El PRI, probablemente, se vuelva a\u00fan m\u00e1s estricto con la Tenencia somo respuesta al reto del PAN.\n"}