{"language": "es", "subreddit": "mexico", "author": "hseldon10", "body": "Zedillo era un cabr\u00f3n que no se andaba con mamadas. Para bien o para mal, era un wey que ve\u00eda lo blanco como blanco, lo negro como negro, y le partia la madre al que le dijera que hab\u00eda que considerar el gris.\n\nEjemplos:\n\n\nLe heredaron un pa\u00eds al borde del colapso econ\u00f3mico, por que el presupuesto no estaba balanceado, ni hab\u00eda reservas para garantizar el tipo de cambio artificial de Salinas. Hab\u00eda una buena probabilidad de que en el a\u00f1o siguiente se pudiera revertir la situaci\u00f3n, sin necesidad de un cambio dr\u00e1stico. Pero Zedillo pensaba diferente. Si no hay reservas para garantizar el tipo de cambio, entonces no garantices el tipo de cambio. Es m\u00e1s, chingue su madre, dejalo a libre flotaci\u00f3n. Esta decisi\u00f3n, la primera de su sexenio, es lo que Salinas acu\u00f1\u00f3 como \"El Error de Diciembre\" (para dejar en claro que no fue su culpa la debacle que vino a continuaci\u00f3n). Esta decisi\u00f3n de Zedillo permiti\u00f3 que Fox y Calder\u00f3n pudieran presidir sobre la econom\u00eda m\u00e1s estable del mundo durante la crisis econ\u00f3mica de 2008/2009. Sin ella, tal vez nos habr\u00eda ido como a China o Brasil, que dejaron de crecer al ritmo sorprendente que llevaban, o, peor a\u00fan, como a Grecia o Irlanda, que se colapsaron. En su lugar, M\u00e9xico es hoy el pa\u00eds m\u00e1s atractivo para invertir y todo se debe a esta decisi\u00f3n.\nZedillo hered\u00f3 una Guerra Civil contra el EZLN. Su antecesor, Salinas, para que no le influyeran en las elecciones, mand\u00f3 a un \"negociador\" a callar al Sub-Comediante Marcos. Result\u00f3 que cuando regres\u00f3 con su Pacto de la Concordia, el negociador pendejo le dio todo lo que pidi\u00f3 al Sub-Comediante. S\u00ed, se cay\u00f3 el pleito un ratito, pero nada de lo que dec\u00eda en el pacto se pod\u00eda cumplir. Salinas, obvio, no cumpli\u00f3 y el EZLN se puso bravo. Zedillo, en vez de buscar una segunda negociaci\u00f3n, tuvo una actitud similar a la de Fox cuando dijo que arreglar\u00eda el problema de Chiapas \"en 15 minutos\": simplemente declar\u00f3 que el EZLN y todos los que lo apoyaran eran enemigos de M\u00e9xico y ser\u00edan tratados como tal. Envi\u00f3 al ej\u00e9rcito y masacr\u00f3 indigenas en Acteal. El escandalo de la masacre fue tan enorme, y la necesidad de ayuda del exterior para arreglar la macroeconom\u00eda del pa\u00eds tan urgente, que Zedillo tuvo que aceptar un cese al fuego de facto, en el que el EZLN sigue viviendo hoy en d\u00eda.\nEn 1999, la UNAM anunci\u00f3 que iba a subir las cuotas de inscripci\u00f3n para la m\u00e1xima casa de estudios. El incremento era simb\u00f3lico, y el objetivo era que, junto con una larga serie de reformas, tuvieran como resultado que la Universidad dejara de ser albergue de \"f\u00f3siles\" (como se les llamaba a la gente que se mantenia como estudiante por d\u00e9cadas a cambio de una beca, y que, por tanto, viv\u00edan del erario Federal a traves de la Universidad). Los f\u00f3siles perjudicados, representados por un m\u00edtico personaje auto-denominado como \"el mosh\", llamaron a una Huelga Estudiantil en la Universidad, con un pliego petitorio que inclu\u00eda la desaparici\u00f3n del CENEVAL (que hoy sigue causando angustia entre aviadores del SNTE). Zedillo entonces orden\u00f3 que fuerzas secretas del ej\u00e9rcito y de la policia federal infiltraran la UNAM, detuvieron a los principales huelguistas y los encarcelaron sin juicio. Aunque despu\u00e9s fueron liberados sin cargos, ese fue el fin de la Huelga. Nada de negociar con ellos, nada de que se manifiesten, nada de escuchar sus demandas. Directo a la c\u00e1rcel. \nDicen (este es un rumor que yo recuerdo de 1999, pero no me hagas mucho caso) que una vez Zedillo visit\u00f3 un pueblo en el area rural de Hidalgo, frontera con Veracruz, para supervisar trabajos de unos ductos de PEMEX. Que viajo a la ciudad m\u00e1s cercana en avi\u00f3n presidencial, y que lleg\u00f3 al pueblo en helicoptero. Que le manifest\u00f3 al Presidente Municipal, de su mismo partido (el PRI), que a \u00e9l le hubiera gustado llegar en carretera, y que de hecho vi\u00f3 en el mapa una carretera, pero que no exist\u00eda tal carretera. El municipe le explic\u00f3 a Zedillo que la carretera no exist\u00eda por que nunca se hab\u00edan aplicado los recursos para construir la carretera, ya que el dinero se hab\u00eda ido directo a la campa\u00f1a del PRI. Dicen que Zedillo se enoj\u00f3 tanto que se fue del pueblo de inmediato, y que en el camino de regreso al DF, llam\u00f3 a la Dirigencia Nacional del PRI para que ellos se encargaran de correr al municipe de su puesto como Alcalde, y de correrlo del partido.\nA Zedillo lo abuchearon en su \u00faltimo informe de Gobierno. Los abucheos ven\u00edan de la mayor\u00eda PRI\u00edsta. \u00bfPor qu\u00e9? No solo por que hab\u00eda permitido que ganara Fox, sino por que di\u00f3 un mensaje presidencial anunciando y reconociendo el triunfo de Fox y del PAN, antes de consultarlo con la dirigencia del PRI o de la Campa\u00f1a de Labastida. El mensaje de Zedillo tambi\u00e9n fue anterior al mensaje del IFE. Es decir, Zedillo no le di\u00f3 oportunidad ni al IFE, ni a los medios, ni al PRI, ni a nadie declarar ning\u00fan otro ganador m\u00e1s que Fox. Era obvio que Zedillo no quer\u00eda que nadie cuestionara los resultados democr\u00e1ticos de ese 2 de Julio del 2000. El PRI nunca le perdon\u00f3 a Zedillo esa \"traici\u00f3n\". No tanto el triunfo de Fox, sino el excluirlos de la decisi\u00f3n. Claro, el PRI hubiera buscado convencer al Presidente de que las cosas son grises y que el fraude patri\u00f3tico era necesario. Despu\u00e9s de todo, Zedillo escogi\u00f3 con su propio dedo qui\u00e9n ser\u00eda su sucesor (Labastida). Pero Zedillo hubiera encontrado ese gris inadmisible. Lo blanco es blanco, lo negro es negro, y Fox hab\u00eda ganado la Presidencia.\n\n\nPor todas estas actitudes es que la gente dice que fue \"de los mejores Presidentes\". Sin duda, es aplaudible una actitud de intolerancia ante la corrupci\u00f3n y lo mal hecho. Pero a mi me gustar\u00eda que pusieras atenci\u00f3n en sus m\u00e9todos: control directo sobre la econom\u00eda, sobre el ej\u00e9rcito, intolerancia a las protestas p\u00fablicas, a las manifestaciones de libertad, a la negociaci\u00f3n y el dialogo, o incluso a los procesos jur\u00eddicos. \n\nAhora, Zedillo era Doctor en Econom\u00eda y uno de los Mexicanos m\u00e1s brillantes que hemos conocido. Si fuera nominado, habr\u00eda ganado el Nobel de Econom\u00eda, pues todos los analistas est\u00e1n de acuerdo que la crisis de 1994/1995 era para que M\u00e9xico se hubiera ido al carajo, y en su lugar, Zedillo le entreg\u00f3 a Fox un pa\u00eds que crecia al 7% anual y era 10ma potencia econ\u00f3mica Mundial. En ese entonces, China todav\u00eda no nos rebasaba (y ahora es 2da potencia econ\u00f3mica Mundial). \n\nTal vez ese poder en las manos de Zedillo fuera tolerable, pero no significa que sea democr\u00e1tico. Ahora imagina ese mismo poder, pero en las manos de un idiota, como lo es Pe\u00f1a Nieto. Eso es a lo que le tenemos miedo la mayor\u00eda de los Mexicanos. Fox y Calder\u00f3n han hecho mucho por disminuir el poder del Presidente, pero a\u00fan as\u00ed hay muchas cosas que el Presidente puede hacer cuando est\u00e1 a 9 votos en el Congreso por tener mayor\u00eda absoluta. Si crees que la Guerra contra el Narco era excesiva, preparate para el PRI...\n"}