{"language": "es", "subreddit": "mexico", "author": "hseldon10", "body": "Esta es una de esas preguntas que es dificil de contestar en Reddit por los limites a los caracteres que impone el comentario, y por la enorme cantidad de flojos que todo lo quieren en tl;dr.\n\nLa fortaleza de una moneda tradicionalmente se mide de dos formas:\n\n\nLa desviaci\u00f3n estandard del tipo de cambio hist\u00f3rico, que es simplemente un recurso estad\u00edstico. En los \u00faltimos a\u00f1os, \u00bfcual es la variabilidad promedio que ha presentado el tipo de cambio diario? Normalmente, en casas de cambio confiables, el spread (la diferencia entre el precio compra y el precio venta) corresponde casi exactamente el doble de la desviaci\u00f3n estandard. Cuando el spread no corresponde a esa cantidad, es o por que la casa de cambio est\u00e1 especulando (anticipando un cambio en el tipo de cambio), o por que te quieren picar los ojos.\nEl volumen de transacciones. Normalmente, una moneda confiable es una moneda en la que otros pa\u00edses est\u00e1n dispuestos a comerciar. Si hay muchas operaciones cambiarias en una moneda, probablemente lo sea por que es una moneda confiable. Aqu\u00ed el \"caveat\" es que, a m\u00e1s transacciones, mayor la poblaci\u00f3n estad\u00edstica, y por tanto, la desviaci\u00f3n estandard ser\u00eda diferente (pero tambi\u00e9n, mejor calculada)...\n\n\nEl volumen de transacciones en pesos Mexicanos se ha multiplicado exponencialmente en los \u00faltimos 10 a\u00f1os. La causa principal es la confianza que los inversionistas tienen en el Gobierno Mexicano, y sobre todo en el Banco de M\u00e9xico, de hacer un buen trabajo. El 70% del cr\u00e9dito se le debe dar a Guillermo Ortiz, el 15% del cr\u00e9dito yo se lo dar\u00eda a Carstens, \u00fanicamente por seguir haciendo lo mismo que hac\u00eda Guillermo Ortiz, y el resto lo repartir\u00eda entre Fox, Calder\u00f3n, y sus Secretarios de Hacienda (pero la mayor\u00eda de ese 15% se lo daba a Francisco Gil D\u00edaz). Esta es una se\u00f1al de que el peso es m\u00e1s confiable que antes. Probablemente, m\u00e1s confiable que nunca.\n\nSobre la desviaci\u00f3n estandard. Es impresionante, pero del 2001 al 2008, esta alcanz\u00f3 niveles inferiores al 10%, casi llegando a 5%. Nunca antes visto! Pero, de Octubre del 2008 a la fecha, la desviaci\u00f3n estandard se duplic\u00f3 a casi 20%. Esto lo s\u00e9 por que hice un estudio hace 6 meses como parte de una negociaci\u00f3n con un cliente Americano. Mis datos especificos son confidenciales, pero mi principal fuente de informaci\u00f3n fue Banxico, por lo que creo que puedo dar resultados aproximados sin problema y ustedes pueden verificar mi informaci\u00f3n.\n\n\u00bfQu\u00e9 significa esto? Significa que la volatilidad de la moneda no es causada por algo inherente a la moneda, sino por algo que ocurri\u00f3 en Octubre de 2008... \u00bfQu\u00e9 fue eso? Pues, fue lo que The Wall Street Journal describi\u00f3 como \"La Muerte de Wall Street\": la Crisis Financiera Mundial.\n\nEntonces, significa eso que tenemos un peso \"fuerte\" o \"debil\"?\n\nEste t\u00e9rmino es relativo. \"fuerte\" comparado con qu\u00e9? Como podemos asumir que todas las monedas del mundo sufren de volatilidad por la crisis financiera mundial (y esto lo podemos corroborar viendo el comportamiento del Euro, del Dolar, del Yen, etc...), entonces no podemos considerar la desviaci\u00f3n estandard como nuestra m\u00e9trica para determinar la fortaleza. Debemos, mejor, compararnos seg\u00fan volumen de transacciones. Como el uso del peso Mexicano se ha multiplicado, y a un paso mayor que el de otras monedas de competencia (como el peso Argentino, o el Real Brasile\u00f1o), podemos hablar de un Peso fuerte. Es decir, en un ambiente donde los inversionistas no conf\u00edan en nada, conf\u00edan en el peso m\u00e1s que en muchas otras monedas. Ergo, tenemos un \"peso confiable\", o un \"peso fuerte\".\n\nPero, aunque esto redunde en beneficios de largo plazo, en el corto plazo, para la gente \"de a pie\", esta fortaleza es irrelevante, por que lo que quiere la gente es certeza en los precios. La certeza en los precios es indirectamente proporcional al riesgo, es decir, a la desviaci\u00f3n estandard de la moneda. Si el riesgo de la moneda Mexicana se ha duplicado, podemos concluir con seguridad que la certeza en el ahorro nacional y en el consumo son la mitad de lo que ser\u00edan con una moneda m\u00e1s estable. Esto nos habla de un peso d\u00e9bil.\n\nPero, y este es el pero que yo quisiera que todos vieran, es una debilidad mundial. Es algo com\u00fan para todas las monedas del mundo. Y, m\u00e1s importante a\u00fan, es una debilidad pasajera. En el largo plazo, la pol\u00edtica econ\u00f3mica actual redundar\u00e1 en menor riesgo para nuestra moneda y, eventualmente, eso se convertir\u00e1 en riqueza e inversi\u00f3n. Es solo de tener paciencia.\n\nEn teoria suena muy bien, pero la realidad es que hay que comer 3 veces al d\u00eda. Por eso digo que la respuesta es complicada: s\u00ed, estamos jodidos, pero, en un mundo donde todos los pa\u00edses est\u00e1n jodidos, M\u00e9xico es, increiblemente, de los que menos jodidos est\u00e1n....\n"}