{"language": "es", "subreddit": "mexico", "author": "hseldon10", "body": "Forbes es creyente en las monedas duras, es decir, monedas que tienen un valor intr\u00ednseco. Por ejemplo, materiales como el oro, la plata, o el platino tienen un valor intr\u00ednseco por su escasez y por que tienen un posible uso adem\u00e1s del de ser reserva de valor. M\u00e1s recientemente, las cripto-monedas como bitcoin tienen un valor intr\u00ednseco por su escasez, ya que es dificil crearlas (se requiere resolver un problema matem\u00e1tico cada vez m\u00e1s dificil, y eso les da escasez). Es por esto que algunos han denominado a Bitcoin como \"oro digital\". Por virtud de tener un valor intr\u00ednseco, estas monedas ayudan a reducir o eliminar la inflaci\u00f3n, y preservan su poder adquisitivo.\n\nYo no creo en las monedas duras. \u00bfPor qu\u00e9? Por que la actividad econ\u00f3mica se limita a cuanto valor la gente pueda intercambiar. El dinero sirve como reserva (avatar) de ese valor. El trabajo de una persona tiene valor. La despensa que compra tiene valor. Etc... Siendo el dinero avatar de valor, una empresa puede intercambiar dinero a cambio de trabajo (se le conoce como \"salario\"), o una empresa puede pedir dinero a cambio de productos o servicios valiosos (se le conoce como \"precio\"). Las monedas duras, por virtud de ser escasas, limitan la cantidad de valor existente en un sistema econ\u00f3mico, por lo que se limita la cantidad de valor que se puede producir o intercambiar.\n\nLa alternativa, es el dinero fiduciario (en ingl\u00e9s: \"fiat currency\"), llamado as\u00ed por que su valor no emana de ning\u00fan atributo intr\u00ednseco, sino de la confianza que la gente tenga en su habilidad de conservar su valor. Ejemplos de dinero fiduciario incluyen el D\u00f3lar Americano, el Euro, el Yen Japon\u00e9s, el Yuan Chino, el Ruble Ruso, el peso Mexicano, y cualquier otra moneda del planeta (salvo contadas excepciones). Estas monedas son creadas (impresas o acu\u00f1adas) por mandato de un gobierno, normalmente a trav\u00e9s de un banco central (como la Reserva Federal de Estados Unidos, el Banco Central Europeo, el Banco de M\u00e9xico, etc...)\n\nEstas monedas derivan valor de los siguientes factores:\n\n\nLa oferta de dinero (la cantidad de dinero que el banco central ha creado y que existe en la econom\u00eda).\nLa demanda de dinero (la cantidad de dinero que necesita la econom\u00eda para operar, normalmente medida en t\u00e9rminos del Producto Interno Bruto de un pa\u00eds).\n\n\nOtros factores que afectan la oferta y la demanda del dinero incluyen las exportaciones y las importaciones (la balanza de pagos), pues esto tiene efecto en la demanda de dinero nacional en el exterior, y de la oferta de dinero que existe dentro de la econom\u00eda vs. la cantidad de dinero que est\u00e1 fuera del pa\u00eds...\n\nLos gobiernos del mundo, queriendo promover crecimiento econ\u00f3mico y empleo, desde el fin de la Gran Depresi\u00f3n, han adoptado una teor\u00eda econ\u00f3mica propuesta por un economista llamado \"John Maynard Keynes\" que habla sobre como maximizar el empleo y el crecimiento econ\u00f3mico. A estas teor\u00edas se les conoce como \"Keynesianas\", y a los pol\u00edticos que las aplican o a los economistas que las proponen se les conoce como \"Keynesianos\".\n\nLa idea de Keynes es que, para que haya empleo hay que crecer la econom\u00eda. Para crecer la econom\u00eda, es necesario que la gente que tiene dinero vea m\u00e1s provechoso invertir o gastar el dinero en la econom\u00eda, que guardarlo debajo del colch\u00f3n. Para esto, es necesario que exista un nivel de inflaci\u00f3n \"\u00f3pitmo\": lo suficientemente alto como para motivar a los inversionistas a invertir, pero lo suficientemente bajo como para evitar fuga de capitales (que los inversionistas se lleven su dinero a otro pa\u00eds). Es generalmente aceptado que este nivel est\u00e1 entre el 2% y el 6%.\n\nClaro, esto significa que el poder adquisitivo se degradar\u00eda cada a\u00f1o entre 2% y 6%, y con el paso del tiempo eso pega, pero Keynes dice que si la econom\u00eda crece a un ritmo similar a la inflaci\u00f3n, el salario crecer\u00e1 org\u00e1nicamente por un margen similar, por simple hecho de la oferta y demanda de trabajo. \n\nHay otros detalles sobre las teor\u00edas de Keynes, y sobre todo, hay cosas que requieren de m\u00e1s precisi\u00f3n, pero esto no es una clase de econom\u00eda, sino un comentario de Reddit. As\u00ed que vamos a dejar las cosas hasta aqu\u00ed para simplificar.\n\nLa conclusi\u00f3n de esto es que tener una moneda dura s\u00ed mantiene el poder adquisitivo, pero desincentiva la inversi\u00f3n, reduce o elimina el crecimiento econ\u00f3mico, y puede causar desempleo. En cambio, el dinero fiduiciario, eso a lo que Forbes llama \"la corrupci\u00f3n monetaria\", al causar inflaci\u00f3n tambi\u00e9n causa degradaci\u00f3n del poder adquisitivo, pero, hecho correctamente, tambi\u00e9n puede causar crecimiento econ\u00f3mico, crecimiento del salario, y sobre todo, empleo.\n\nEl problema es que los gobiernos de 1968 a 1999 en M\u00e9xico se excedieron en su poder de crear dinero. No lo hicieron correctamente, y causaron crisises financieras que degradaron en m\u00e1s del 70% el poder adquisitivo del salario. Luego, los gobiernos del 2000 al 2012 optaron por la estabilidad econ\u00f3mica y mantener el poder adquisitivo, sin preocuparse por crecer la econom\u00eda. Son dos pol\u00edticas econ\u00f3micas distintas, que no han logrado mejorar el panorama para M\u00e9xico. Claro, el valor del salario ya no est\u00e1 en decadencia, como lo estuvo por 30 a\u00f1os, pero ya no ha crecido. \n\n\u00bfQu\u00e9 se necesita para crecer? Una buena pol\u00edtica fiscal y monetaria (las tenemos, a medias), aumentos en la productividad nacional (esta nos sobra), y aumentos en la competitividad (esta nos falta y cada vez, estamos peor). El problema no es, como dice Forbes, la \"corrupci\u00f3n monetaria\", sino la corrupci\u00f3n del gobierno, y tambi\u00e9n de la sociedad que lo tolera, y hasta vota por \u00e9l.\n"}