{"language": "en", "subreddit": "AskReddit", "author": "TitaniumDragon", "body": "In a society without a government monopoly on violence, people murder each other freely. ISIS would be a great example of a society where the government doesn't have a monopoly on violence, as would countries with separate sharia law systems.\n\nThe government having a monopoly on violence is vital to all civilize societies; it means that individuals cannot exact revenge or retribution on their own against individuals they perceive as wronging them. Instead, crimes are committed against the state, and the state prosecutes people for the commission of crimes. Thus, if you rob someone, the state is who arrests you and pays for your incarceration, not the individual who was wronged.\n\nLikewise, if someone is murdered, the state prosecutes the individual, despite the fact that the murdered individual obviously cannot exact retribution.\n\nVigilante justice like lynchings is extremely bad for a civil society. Obviously it holds great appeal for primitive savages, but civilized societies require such things.\n\nAre you pro-lynching? If not, then you're for the government monopoly on violence.\n\nNote that the government monopoly on violence is not about the capacity for violence, but its legal status and enforcement; in other words, in the US, the government has a monopoly on violence because if you use violence outside of legitimized legal contexts (police action, self defense) you go to jail. A country like Mexico doesn't have a monopoly on violence because, while it does have laws against individual citizens using violence to settle their disputes, they're incapable of reliably enforcing it. However, there are states in far worse states than Mexico, such as Iraq and Syria.\n\n\n\nA few other important notes:\n\nAmericans are freer today than they were historically. Our right to freedom of speech, freedom of the press, freedom of religion, ect. are all stronger today than they ever were in the past, and people are as equal before the law as they've ever been historically. The belief that more laws = less freedom is not upheld by empirical evidence; societies with fewer laws actually tend to be less free, on average. This is likely due to the presence of an effective central government.\n\nThe idea that Citizens United made people less free is exactly the opposite of reality; indeed, it made people more free. Citizens United ruled that the government could not legally prohibit people from showing movies or distributing content critical of politicians or the government.\n\nLikewise, the idea that corporate interests are \"literally able to buy political capital\" is simply false and shows a deep lack of understanding of how the government works in real life. Bribery is illegal, and if you bribe people, you'll go to jail. In real life, bribery is rare in the United States.\n\nIn real life, the main problem is that most politicians are not experts and thus rely on advice from other individuals about almost all decisions they make. Many of these individuals are lobbyists, who often give self-serving advice (Though it is worth noting that, contrary to popular belief, not all lobbyists are evil, and industry can actually make decent proposals). The problem is that most politicians aren't capable of distinguishing between \"self-serving\" and \"actual good advice\".\n\nAnd who is responsible for electing these people?\n\nYou. You are. As is everyone else in the US. Ultimately, the politicians are a product of the electoral process, which is 100% reliant on people voting.\n\nThe reason that Congress is dysfunctional is because people hate everyone else's congressperson, but love their own, even though their own is exactly the same as the one they hate, they just work for them instead of someone else.\n\n\n\nAs far as \"usurping the 4th Amendment\": the government has tried on many occasions to do so, which is why over time the courts have handed down rulings that restrict their ability to perform searches and thrown out information which was illegally obtained.\n\n\n\nSlavery ended in the US because the South decided it didn't want to go along with the legal process and broke off from the US and applied violence to the US. So, yeah, it ended precisely because people like you violently supported it and ended up getting beaten down.\n\nYou're not special. That's why you call me a drone. You must assert your own specialness. And yet, your beliefs are not idiosyncratic, but entirely predictable and not based on reality.\n\nThe status quo is quite decent, and is getting better. Of course, I don't break the law. Criminals have increasingly little place in our society, which is a good thing, but obviously they would disagree.\n"}