{"language": "en", "subreddit": "AskReddit", "author": "TitaniumDragon", "body": "\nSubsidies are actually a lot less important than you think. I used to think the way you did, then I actually looked at the math. They'd be growing corn anyway; the subsidies are too small to actually influence their behavior. They're just trying to get subsidies for stuff they'd do anyway, which is why they're a waste of money.\n\n\nEverywhere. American consumers aren't unique in this regard. Japan is absolutely ridiculous about food presentation, for instance, but really, most cultures value the appearance of food quite heavily. It is just how people operate in real life.\n\nPeople say \"don't judge a book by its cover\", but people always do so.\n\nAlso, the reason why a lot of food bought in the supermarket isn't ripe is because a lot of people shop once a week. If you buy ripe food, it will be past its best date by Friday. For me, I buy a bunch of bananas on Sunday, and they last me the whole week, instead of going bad by Wednesday.\n\nPeople complaining about this don't understand this reality. The grocery stores don't do this for no reason; it matches real-life buying habits.\n\nIf you don't understand this, then you're just complaining mindlessly. Which is super common in threads like this. People grossly exaggerate the reality of the situation.\n\nAmericans eat very well. The fantasy of other people eating vastly better than Americans is just that - a fantasy. I've been to other countries. I've been to France. You know what? The food in France was significantly worse than the food I have in the US on a regular basis. The food in Switzerland was nothing special either.\n\nWHOOPS.\n\nSee, this is what is known as \"reality\". It hurts people so bad to know that their ridiculous fantasies about other countries are just that - fantasies.\n\nI'm sorry that the world doesn't work the way you want it to work.\n\nActually, scratch that - I'm not sorry at all. The world is awesome and your dismal fantasies about how awful America are speak to a sickness deep down in your soul. You want America to be an awful place. It is disgusting.\n\nWhy do you want this?\n\nIs it the idolization of victimization in our culture? Do people think \"having it bad\" gives them legitimacy? Because it does not. Having it bad makes you inferior. That's why having it bad sucks.\n\n\nUhm, you could look at that yourself. Go to your local grocery store and start browsing. My local grocery store has several \"aisles\" devoted to produce - fruits and vegetables. It has a big meat section. It has a dairy section. It has a bunch of frozen desserts. It has a big frozen foods aisle. It has a cereal aisle. It has an aisle for various snack foods - chips and suchlike. It has a partial candy aisle. It has a big pharmacy, and an attendant vitamins and minerals and medications and other things section. It sells dogfood and catfood and various other common pet supplies. It has a bakery section as big as the produce section.\n\nI mean, seriously. My family consumes roughly a bunch of bananas, a bag of peaches, a carton of strawberries, several oranges, and... I dunno, some amount of salad per week. We eat potatoes and onions and bell peppers in food. We use some other stuff in cooking.\n\nHow much produce exactly do you actually need? I find that the grocery store meets my needs for such.\n\n\nYeah, see, there's this thing. You might be familiar with it.\n\nIt is called nostalgia.\n\nYou see, this is a poisonous lie that many people fall into. They think back to the \"good old days\".\n\nThe problem is, they never really existed.\n\n\nAnd when I travel, I find the exact opposite. Funny how that works.\n\nThe reason is, most likely, I'm a cynical bastard who isn't impressed by something being foreign. Oh boy, they sell baguettes on the street! How cultural!\n\nAnd yet I can get better baguettes in my grocery store than I ever got when I was in France. Heck, I can get those things you can bake in your own oven so you can get fresh French bread, and I like that better than I liked what I had when I was in France. Funny how that works.\n\nLocal shops on the side of the street are vastly overrated. I do shop at the local farmer's market sometimes when I want something else. Some of it is really good. Some of it isn't. Such is life.\n\nAnd as far as \"the meat isn't grown in factory farms\": I know this is going to be deeply psychologically damaging to you, but factory farms exist for a reason. And that reason is delicious, delicious meat.\n\nThere's a reason Americans eat so much meat, and it is precisely because we treat it like a commodity and don't pretend like it is anything special.\n"}