{"language": "en", "subreddit": "politics", "author": "trot-trot", "body": "I'll Just Leave These Right Here . . .\n\n\n\". . . With the notable exception of the War of 1812, the United States did not face any significant foreign incursions in the 19th century. It contained the threat from both Canada and Mexico with a minimum of disruption to American life and in so doing ended the risk of local military conflicts with other countries. North America was viewed as a remarkably safe place.\n\nEven the American Civil War did not disrupt this belief. The massive industrial and demographic imbalance between North and South meant that the war's outcome was never in doubt. The North's population was four times the size of the population of free Southerners while its industrial base was 10 times that of the South. As soon as the North's military strategy started to leverage those advantages the South was crushed. Additionally, most of the settlers of the Midwest and West Coast were from the North (Southern settlers moved into what would become Texas and New Mexico), so the dominant American culture was only strengthened by the limits placed on the South during Reconstruction.\n\nAs a result, life for this dominant 'Northern' culture got measurably better every single year for more than five generations. Americans became convinced that such a state of affairs -- that things can, will and should improve every day -- was normal. Americans came to believe that their wealth and security is a result of a Manifest Destiny that reflects something different about Americans compared to the rest of humanity. The sense is that Americans are somehow better -- destined for greatness -- rather than simply being very lucky to live where they do. It is an unbalanced and inaccurate belief, but it is at the root of American mania and arrogance. . . .\"\n\nSource: \"The Geopolitics of the United States, Part 2: American Identity and the Threats of Tomorrow\" by Dr. George Friedman, published at <URL>\n\nSee also: \"The Geopolitics of the United States, Part 1: The Inevitable Empire\" by Dr. George Friedman, published at <URL>\nLetter from Alexis de Tocqueville \"To Ernest de Chabrol New York, June 9, 1831\": <URL>\n\"Dimmed excellence: 'American advantages serve those who can afford them'\", an interview with Howard Steven Friedman published on 31 July 2012: <URL>\n\"The American Myth of Social Mobility\" by Howard Steven Friedman, published on 16 July 2012: <URL>\n\"Of the 1%, by the 1%, for the 1%\" by Joseph E. Stiglitz: <URL>\n\". . . the U.S. is unique. And just as we have the world's most advanced economy, military, and technology, we also have its most advanced oligarchy.\n\nIn a primitive political system, power is transmitted through violence, or the threat of violence: military coups, private militias, and so on. In a less primitive system more typical of emerging markets, power is transmitted via money: bribes, kickbacks, and offshore bank accounts. Although lobbying and campaign contributions certainly play major roles in the American political system, old-fashioned corruption--envelopes stuffed with $100 bills--is probably a sideshow today, Jack Abramoff notwithstanding.\n\nInstead, the American financial industry gained political power by amassing a kind of cultural capital--a belief system. Once, perhaps, what was good for General Motors was good for the country. Over the past decade, the attitude took hold that what was good for Wall Street was good for the country. The banking-and-securities industry has become one of the top contributors to political campaigns, but at the peak of its influence, it did not have to buy favors the way, for example, the tobacco companies or military contractors might have to. Instead, it benefited from the fact that Washington insiders already believed that large financial institutions and free-flowing capital markets were crucial to America's position in the world. . . .\"\n\nSource:  \"The Quiet Coup\" by Simon Johnson, published at  <URL> via <URL>\n\"Revolt of the Rich\" by Mike Lofgren, published on 27 August 2012: <URL>\n\"How Deregulation Eviscerated the Banking Sector Safety Net and Spawned the U.S. Financial Crisis\" by Shah Gilani: <URL>\n\"What Isn't for Sale?\" by Michael J. Sandel: <URL>\n\"Why We're Screwed\" by L. Randall Wray: <URL>\n\"Bungled Bank Bailout Leaves Behind Righteous Anger\" by Neil M. Barofsky: <URL>\n\"Corporate criminals gone wild\" by Andrew Leonard: <URL>\n\". . . The institutional structure of the United States is under stress. We might be in dangerous economic straits if the dollar were not the principal international reserve currency and the eurozone in deep fiscal trouble. We have a huge public debt, dangerously neglected infrastructure, a greatly overextended system of criminal punishment, a seeming inability to come to grips with grave environmental problems such as global warming, a very costly but inadequate educational system, unsound immigration policies, an embarrassing obesity epidemic, an excessively costly health care system, a possible rise in structural unemployment, fiscal crises in state and local governments, a screwed-up tax system, a dysfunctional patent system, and growing economic inequality that may soon create serious social tensions. Our capitalist system needs a lot of work to achieve proper capitalist goals.\"\n\nSource: \"Capitalism--Posner\" by Richard A. Posner, Judge, United States Seventh Circuit Court of Appeals, published at <URL>\n\"Fiscal Crises and Imperial Collapses: Historical Perspectives on Current Predicaments\" by Niall Ferguson, 13 May 2010: <URL>\n\nVia: <URL>\n\"Dmitry Orlov: Social Collapse Best Practices\" by Dmitry Orlov: <URL>\nUnited States President George Washington's farewell address, 1796: <URL>\n\"The Histomap. Four Thousand Years Of World History. Relative Power Of Contemporary States, Nations And Empires.\" by John B. Sparks: <URL>\n\n"}