{"language": "en", "subreddit": "politics", "author": "trot-trot", "body": "\n\". . . After all this, you would think folks understand a basic truth -- never bet against the United States of America. (Applause.) And one of the reasons is that the United States has been, and will always be, the one indispensable nation in world affairs. It's one of the many examples of why America is exceptional. It's why I firmly believe that if we rise to this moment in history, if we meet our responsibilities, then -- just like the 20th century -- the 21st century will be another great American Century.  That's the future I see. That's the future you can build. (Applause.) . . .\"\n\nSource: \"Remarks by the President at the Air Force Academy Commencement\" by President Barack Obama, 23 May 2012, posted at <URL>\n\nVia: #5 at <URL>\n\". . . In the summer of 2002, after I [Ron Suskind] had written an article in Esquire that the White House didn't like about Bush's former communications director, Karen Hughes, I had a meeting with a senior adviser to Bush. He expressed the White House's displeasure, and then he told me something that at the time I didn't fully comprehend -- but which I now believe gets to the very heart of the Bush presidency.\n\nThe aide said that guys like me were 'in what we call the reality-based community,' which he defined as people who 'believe that solutions emerge from your judicious study of discernible reality.' I nodded and murmured something about enlightenment principles and empiricism. He cut me off. 'That's not the way the world really works anymore,' he continued. 'We're an empire now, and when we act, we create our own reality. And while you're studying that reality -- judiciously, as you will -- we'll act again, creating other new realities, which you can study too, and that's how things will sort out. We're history's actors . . . and you, all of you, will be left to just study what we do.' . . .\" \n\nSource: \"Faith, Certainty and the Presidency of George W. Bush\" by Ron Suskind, published 2004 October 17, posted at <URL>\n\nVia: #1 at <URL>\n\"The Superpower as Superhero: Hubris in U.S. Foreign Policy\" by Christopher J. Fettweis, September 2011: <URL>\n\"The Histomap. Four Thousand Years Of World History. Relative Power Of Contemporary States, Nations And Empires.\" by John B. Sparks: <URL>\n\". . . With the notable exception of the War of 1812, the United States did not face any significant foreign incursions in the 19th century. It contained the threat from both Canada and Mexico with a minimum of disruption to American life and in so doing ended the risk of local military conflicts with other countries. North America was viewed as a remarkably safe place.\n\nEven the American Civil War did not disrupt this belief. The massive industrial and demographic imbalance between North and South meant that the war's outcome was never in doubt. The North's population was four times the size of the population of free Southerners while its industrial base was 10 times that of the South. As soon as the North's military strategy started to leverage those advantages the South was crushed. Additionally, most of the settlers of the Midwest and West Coast were from the North (Southern settlers moved into what would become Texas and New Mexico), so the dominant American culture was only strengthened by the limits placed on the South during Reconstruction.\n\nAs a result, life for this dominant 'Northern' culture got measurably better every single year for more than five generations. Americans became convinced that such a state of affairs -- that things can, will and should improve every day -- was normal. Americans came to believe that their wealth and security is a result of a Manifest Destiny that reflects something different about Americans compared to the rest of humanity. The sense is that Americans are somehow better -- destined for greatness -- rather than simply being very lucky to live where they do. It is an unbalanced and inaccurate belief, but it is at the root of American mania and arrogance. . . .\"\n\nSource: \"The Geopolitics of the United States, Part 2: American Identity and the Threats of Tomorrow\" by Dr. George Friedman, published at <URL>\n\nSee also: \"The Geopolitics of the United States, Part 1: The Inevitable Empire\" by Dr. George Friedman, published at <URL>\n\"An American's View of the U.S. Negotiating Style by John W. McDonald: <URL>\nLetter from Alexis de Tocqueville \"To Ernest de Chabrol New York, June 9, 1831\": <URL>\n\"Despite fights about its merits, idea of American exceptionalism a powerful force through history\" by Dan Gilgoff, posted on 30 June 2012: <URL>\n\"'American Exceptionalism': A Short History\" by Uri Friedman: <URL>\n\"The end of American exceptionalism\" by Daniel Bell, published in the Fall 1975 issue of The Public Interest (Issue Number 41): <URL> via <URL>\n\nSource: <URL>\n\"Fiscal Crises and Imperial Collapses: Historical Perspectives on Current Predicaments\" by Niall Ferguson, 13 May 2010: <URL>\n\nVia: <URL>\n\"Experts Caution U.S. on Overconfidence on World Stage\" by Rick Maze, posted on 28 March 2012: <URL>\n\"America's Place in the New World\" by Charles A. Kupchan, published on 7 April 2012: <URL> \n\"View from abroad: US facing woes, but still No. 1\" by David Crary, posted on 27 March 2012: <URL>\n\"Not Fade Away: The myth of American decline\" by Robert Kagan, posted on 11 January 2012: <URL>\n\"America's Imperial Ambition\" by G. John Ikenberry, published in the September/October 2002 issue of Foreign Affairs: <URL>\n\nPDF version: <URL>\n\"The U.S. Power Complex: What's New\" by Tom Barry, published by Foreign Policy In Focus on November 2002 in Special Report #20: <URL>\n\"Maintaining American Power: From Injury to Recovery\" by Paul Kennedy: <URL>\n\n"}