{"language": "en", "subreddit": "politics", "author": "trot-trot", "body": "\nLetter from Alexis de Tocqueville \"To Ernest de Chabrol New York, June 9, 1831\": <URL>\n\"Signing of the Gramm-Leach-Bliley Act\": <URL>\n\"How Deregulation Eviscerated the Banking Sector Safety Net and Spawned the U.S. Financial Crisis\" by Shah Gilani, published on 13 January 2009: <URL>\n\"Maximizing shareholder value: The goal that changed corporate America\" by Jia Lynn Yang, published on 26 August 2013: <URL>\n\"The Social Responsibility of Business is to Increase its Profits\" by Milton Friedman, published on 13 September 1970: <URL>\n(a) \"The Structure of Power in American Society\" by C. Wright Mills, published March 1958: <URL>\n\n(b) \"12. The Power Elite\" by C. Wright Mills: <URL>\n\"Seeing green: Mere exposure to money triggers a business decision frame and unethical outcomes\" by Maryam Kouchaki, Kristin Smith-Crowe, Arthur P. Brief, and Carlos Sousa: <URL>\n\nVia: \"Just the Scent of Money Is Corrupting: Study\" by Mark Koba, published on 13 June 2013 at <URL>\n\nAbstract: <URL>\nEconomist Jeffrey D. Sachs speaking at the \"Fixing the Banking System for Good\" event, convened by the Global Interdependence Center, on 17 April 2013 in Philadelphia, Pennsylvania, USA\n\n\"Columbia Economist Dr. Jeffrey Sachs speaks candidly on monetary reform [Full version speech]\": <URL>\n\nSee also \"Jeffrey Sachs: Banking Abuses 'Can't Get More in Your Face'\" by Paul Vigna, published on 2 May 2013 at <URL>\nEconomist Jeffrey D. Sachs speaking at the \"Economics & Theology\" event, convened by the Institute for New Economic Thinking and Union Theological Seminary, on 6 March 2013 in New York, New York, USA\n\n\"Economics & Theology: Jeff Sachs\": <URL>\n\nFast forward to about 44:20 (44 minutes and 20 seconds) and listen to Dr. Sachs' response to the first question, and then go back to about 13:10 (13 minutes and 10 seconds) to hear his main presentation.\n\"Morals and Markets\" by Armin Falk and Nora Szech: <URL>\n\nSee also: \"Markets Erode Moral Values\": <URL>\n\"Park Avenue: Money, Power and the American Dream\": <URL>\n\nPBS link: <URL>\n\nYouTube link: <URL>\n(a) \"Chrystia Freeland: On the Self Tax and Democratic Government\" (Part 1 of 3), 3 December 2012: <URL> \n\n(b) \"Chrystia Freeland: 'A Clash Between Plutocracy and Democracy'\" (Part 2 of 3), 5 December 2012: <URL>\n\n(c) \"Chrystia Freeland: On the Super Rich Persecution Complex\" (Part 3 of 3), 10 December 2012: <URL>\n(a) \"Power Changes How the Brain Responds to Others\" by Jeremy Hogeveen, Michael Inzlicht, Sukhvinder S. Obhi: <URL>\n\n(b) \"When Power Goes To Your Head, It May Shut Out Your Heart\" by Chris Benderev, published on 10 August 2013: <URL>\n\nTranscript: <URL>\n\"This Is Your Brain on Power: Having influence over others gets to your head. And for the past decade, scientists have been exploring how.\" by Brian Resnick, published on 8 July 2013: <URL>\n\"The Rise of the New Global Elite\" by Chrystia Freeland: <URL>\nChrystia Freeland asks Dr. Paul Krugman, \"What is their [the plutocrats] political impact and why would they be interested in bad economic policy? Surely they want things to work too.\" Begin listening at 13 minutes and 30 seconds: <URL> (\"Paul Krugman talks with Chrystia Freeland: The complete interview - Freeland File\")\n\"Matt Taibbi and Chrystia Freeland on the One Percent's Power and Privileges\", 19 October 2012: <URL>\n\nTranscript: <URL>\n\nYouTube link: www.youtube.com/watch?v=rvIM6-BGx8I\n\"A Startling Gap Between Us And Them In 'Plutocrats'\" by NPR Staff, published on 15 October 2012: <URL>\n\"'If a man is not an oligarch, there's something wrong with him': welcome to the new breed of plutocrat running London\", published on 10 December 2012: <URL>\n\"The billionaires next door\" by Chrystia Freeland, published on 15 October 2012: <URL>\n\"The Superclass\" by David Rothkopf, 28 September 2007: <URL>\nDavid Rothkopf at the Roosevelt Institute's \"Next American Economy Breakfast Series\" on 19 October 2011\n\n\"David Rothkopf :: 'Power Inc.'\": <URL>\n\n\"David Rothkopf :: 'Power Inc.' Q&A Session\": <URL>\n\n\"David Rothkopf :: Interview\": <URL>\n\nDavid Rothkopf's bio: <URL>\n\"Conversations with Great Minds: David Rothkopf\", 23 March 2012, Begin at 30 minutes and 00 seconds: <URL>\n\nYouTube link: <URL>\n\"Warning! Inequality May Be Hazardous to Your Growth\" by Andrew G. Berg and Jonathan D. Ostry, published on 8 April 2011: <URL>\n(a) \"Left Out\" by Francis Fukuyama, published January/February 2011: <URL>\n\n(b) \"After Neoconservatism\" by Francis Fukuyama, published on 19 February 2006: <URL>\n(a) \"Inside the Risky Bets of Central Banks\" by Jon Hilsenrath and Brian Blackstone, published on 12 December 2012, available at <URL> or <URL>\n\n(b) \"MIT Forged Activist Views of Central Bank Role and Cinched Central Bankers' Ties\" by Jon Hilsenrath, published on 11 December 2012, available at <URL> or <URL>\n(a) \". . . the U.S. is unique. And just as we have the world's most advanced economy, military, and technology, we also have its most advanced oligarchy.\n\nIn a primitive political system, power is transmitted through violence, or the threat of violence: military coups, private militias, and so on. In a less primitive system more typical of emerging markets, power is transmitted via money: bribes, kickbacks, and offshore bank accounts. Although lobbying and campaign contributions certainly play major roles in the American political system, old-fashioned corruption--envelopes stuffed with $100 bills--is probably a sideshow today, Jack Abramoff notwithstanding.\n\nInstead, the American financial industry gained political power by amassing a kind of cultural capital--a belief system. Once, perhaps, what was good for General Motors was good for the country. Over the past decade, the attitude took hold that what was good for Wall Street was good for the country. The banking-and-securities industry has become one of the top contributors to political campaigns, but at the peak of its influence, it did not have to buy favors the way, for example, the tobacco companies or military contractors might have to. Instead, it benefited from the fact that Washington insiders already believed that large financial institutions and free-flowing capital markets were crucial to America's position in the world. . . .\"\n\nSource:  \"The Quiet Coup\" by Simon Johnson, published at  <URL> via <URL>\n\n(b) \"United States Of America, The 'Indispensable Nation'\": <URL>\n\n(c) \"A Closer Look At American Exceptionalism\": <URL>\n\"Mafia States\" by Mois\u00e9s Na\u00edm, posted on 25 April 2012: <URL>\n<URL>\n\n"}