{"language": "en", "subreddit": "politics", "author": "trot-trot", "body": "\n\". . . With the notable exception of the War of 1812, the United States did not face any significant foreign incursions in the 19th century. It contained the threat from both Canada and Mexico with a minimum of disruption to American life and in so doing ended the risk of local military conflicts with other countries. North America was viewed as a remarkably safe place.\n\nEven the American Civil War did not disrupt this belief. The massive industrial and demographic imbalance between North and South meant that the war's outcome was never in doubt. The North's population was four times the size of the population of free Southerners while its industrial base was 10 times that of the South. As soon as the North's military strategy started to leverage those advantages the South was crushed. Additionally, most of the settlers of the Midwest and West Coast were from the North (Southern settlers moved into what would become Texas and New Mexico), so the dominant American culture was only strengthened by the limits placed on the South during Reconstruction.\n\nAs a result, life for this dominant 'Northern' culture got measurably better every single year for more than five generations. Americans became convinced that such a state of affairs -- that things can, will and should improve every day -- was normal. Americans came to believe that their wealth and security is a result of a Manifest Destiny that reflects something different about Americans compared to the rest of humanity. The sense is that Americans are somehow better -- destined for greatness -- rather than simply being very lucky to live where they do. It is an unbalanced and inaccurate belief, but it is at the root of American mania and arrogance. . . .\"\n\nSource: \"The Geopolitics of the United States, Part 2: American Identity and the Threats of Tomorrow\" by Dr. George Friedman, published at <URL>\n\nSee also: \"The Geopolitics of the United States, Part 1: The Inevitable Empire\" by Dr. George Friedman, published at <URL>\nLetter from Alexis de Tocqueville \"To Ernest de Chabrol New York, June 9, 1831\": <URL>\n\"An American's View of the U.S. Negotiating Style\" by John W. McDonald: <URL>\n\". . . the U.S. is unique. And just as we have the world's most advanced economy, military, and technology, we also have its most advanced oligarchy.\n\nIn a primitive political system, power is transmitted through violence, or the threat of violence: military coups, private militias, and so on. In a less primitive system more typical of emerging markets, power is transmitted via money: bribes, kickbacks, and offshore bank accounts. Although lobbying and campaign contributions certainly play major roles in the American political system, old-fashioned corruption--envelopes stuffed with $100 bills--is probably a sideshow today, Jack Abramoff notwithstanding.\n\nInstead, the American financial industry gained political power by amassing a kind of cultural capital--a belief system. Once, perhaps, what was good for General Motors was good for the country. Over the past decade, the attitude took hold that what was good for Wall Street was good for the country. The banking-and-securities industry has become one of the top contributors to political campaigns, but at the peak of its influence, it did not have to buy favors the way, for example, the tobacco companies or military contractors might have to. Instead, it benefited from the fact that Washington insiders already believed that large financial institutions and free-flowing capital markets were crucial to America's position in the world. . . .\"\n\nSource:  \"The Quiet Coup\" by Simon Johnson, published at  <URL> via <URL>\n\"Revolt of the Rich\" by Mike Lofgren, published on 27 August 2012: <URL>\n\"Dimmed excellence: 'American advantages serve those who can afford them'\", an interview with Howard Steven Friedman published on 31 July 2012: <URL>\n\"The American Myth of Social Mobility\" by Howard Steven Friedman, published on 16 July 2012: <URL>\n\"Of the 1%, by the 1%, for the 1%\" by Joseph E. Stiglitz: <URL>\n\"'American Exceptionalism': A Short History\" by Uri Friedman: <URL>\n\"Despite fights about its merits, idea of American exceptionalism a powerful force through history\" by Dan Gilgoff, posted on 30 June 2012: <URL>\n\". . . In the summer of 2002, after I [Ron Suskind] had written an article in Esquire that the White House didn't like about Bush's former communications director, Karen Hughes, I had a meeting with a senior adviser to Bush. He expressed the White House's displeasure, and then he told me something that at the time I didn't fully comprehend -- but which I now believe gets to the very heart of the Bush presidency.\n\nThe aide said that guys like me were 'in what we call the reality-based community,' which he defined as people who 'believe that solutions emerge from your judicious study of discernible reality.' I nodded and murmured something about enlightenment principles and empiricism. He cut me off. 'That's not the way the world really works anymore,' he continued. 'We're an empire now, and when we act, we create our own reality. And while you're studying that reality -- judiciously, as you will -- we'll act again, creating other new realities, which you can study too, and that's how things will sort out. We're history's actors . . . and you, all of you, will be left to just study what we do.' . . .\" \n\nSource: \"Faith, Certainty and the Presidency of George W. Bush\" by Ron Suskind, published 2004 October 17, posted at <URL>\n\nVia: #1 at <URL>\n\". . . After all this, you would think folks understand a basic truth -- never bet against the United States of America. (Applause.) And one of the reasons is that the United States has been, and will always be, the one indispensable nation in world affairs. It's one of the many examples of why America is exceptional. It's why I firmly believe that if we rise to this moment in history, if we meet our responsibilities, then -- just like the 20th century -- the 21st century will be another great American Century.  That's the future I see. That's the future you can build. (Applause.) . . .\"\n\nSource: \"Remarks by the President at the Air Force Academy Commencement\" by President Barack Obama, 23 May 2012, posted at <URL>\n\nVia: #5 at <URL>\n\"The Superpower as Superhero: Hubris in U.S. Foreign Policy\" by Christopher J. Fettweis, September 2011: <URL>\n\"China's Rise, America's Fall\" by Ron Unz, published on 27 April 2012: <URL>\n\"Fiscal Crises and Imperial Collapses: Historical Perspectives on Current Predicaments\" by Niall Ferguson, 13 May 2010: <URL>\n\nVia: <URL>\n\"Dmitry Orlov: Social Collapse Best Practices\" by Dmitry Orlov: <URL>\nUnited States President George Washington's farewell address, 1796: <URL>\n\n"}