{"language": "en", "subreddit": "politics", "author": "trot-trot", "body": "\nA response by Redditor 161719 to the 7 June 2013 post by Redditor legalbeagle05 titled \"I believe the government should be allowed to view my e-mails, tap my phone calls, and view my web history for national security concerns. CMV\": <URL>\n\"The National Security Agency [NSA] has at times mistakenly intercepted the private email messages and phone calls of Americans who had no link to terrorism, requiring Justice Department officials to report the errors to a secret national security court and destroy the data, according to two former U.S. intelligence officials. \n\nAt least some of the phone calls and emails were pulled from among the hundreds of millions stored by telecommunications companies as part of an NSA surveillance program. . . .\"\n\nSource: \"Officials: NSA mistakenly intercepted emails, phone calls of innocent Americans\" by Michael Isikoff, published on 7 June 2013 at  <URL>\n\"The National Security Agency's monitoring of Americans includes customer records from the three major phone networks as well as emails and Web searches, and the agency also has cataloged credit-card transactions, said people familiar with the agency's activities. . . .\"\n\nSource: \"U.S. Collects Vast Data Trove: NSA Monitoring Includes Three Major Phone Companies, as Well as Online Activity\" by Siobhan Gorman, Evan Perez, and Janet Hook, published on 7 June 2013 at <URL>\n\". . . The men and women who hack for the NSA [National Security Agency] belong to a secretive unit known as Tailored Access Operations [TAO]. It gathers vast amounts of intelligence on terrorist financial networks, international money-laundering and drug operations, the readiness of foreign militaries, even the internal political squabbles of potential adversaries, according to two former U.S. government security officials, who asked not to be named when discussing foreign intelligence gathering. For years, the NSA wouldn't acknowledge TAO's existence. A Pentagon official who also asked not to be named confirmed that TAO conducts cyber espionage, or what the Department of Defense calls \"computer network exploitation,\" but emphasized that it doesn't target technology, trade, or financial secrets. The official says the number of people who work for TAO is classified. NSA spokeswoman Vane\u00e9 Vines would not answer questions about the unit.\n\nThe two former security officials agreed to describe the operation and its activities without divulging which governments or entities it targets. According to the former officials, U.S. cyberspies, most from military units who've received specialized training, sit at consoles running sophisticated hacking software, which funnels information stolen from computers around the world into a \"fusion center,\" where intelligence analysts try to make sense of it all. The NSA is prohibited by law from spying on people or entities within the U.S., including noncitizens, or on U.S. citizens abroad. According to one of the former officials, the amount of data the unit harvests from overseas computer networks, or as it travels across the Internet, has grown to an astonishing 2 petabytes an hour--that's nearly 2.1 million gigabytes, the equivalent of hundreds of millions of pages of text.\n\nThe agency has managed to automate much of the process, one of the former officials says, requiring human hackers to intervene only in cases of the most well-protected computers. Just like spies in the physical world, the U.S. cyberspies take pains to obscure their tracks or disguise themselves as something else--hackers from China, say--in case their activities are detected. . . .\"\n\nSource: \"How the U.S. Government Hacks the World\" by Michael Riley, published on 23 May 2013 at <URL>\n\"NSA claims know-how to ensure no illegal spying\" by Kimberly Dozier, published on 10 June 2013: <URL>\n\"CIA's big data mission: 'Collect everything and hang onto it forever'\" by Stephen C. Webster, published on 21 March 2013: <URL>\n\n\"The CIA's 'Grand Challenges' with Big Data\" presented by Central Intelligence Agency (CIA) official Ira \"Gus\" Hunt at GigaOM Structure:Data 2013 on 20 March 2013: <URL>\n\"How the U.S. Uses Technology to Mine More Data More Quickly\" by James Risen and Eric Lichtblau, published on 8 June 2013: <URL>\n\"How the NSA uses your telephone records\" by Marc Ambinder, published on 6 June 2013: <URL>\n\"Sources: NSA sucks in data from 50 companies\" by Marc Ambinder, published on 6 June 2013: <URL>\n\"Solving the mystery of PRISM\" by Marc Ambinder, published on 7 June 2013: <URL>\n\"US surveillance has 'expanded' under Obama, says Bush's NSA director\" by Paul Lewis, Spencer Ackerman, and Nicholas Watt, published on 9 June 2013: <URL>\n\"The History Behind The 4th Amendment\" by Jason W. Swindle, Sr., published March 2013: <URL>\n\"The Era of Metadata\" by Peggy Noonan, published on 8 June 2013: <URL>\n\"Sen Wyden on FISA\", 27 December 2012: <URL>\n\"The Government is Profiling You\": <URL> and <URL>\nWilliam Binney, former Technical Director of the World Geopolitical and Military Analysis Reporting Group at the National Security Agency (NSA), delivers his 13 July 2012 keynote address at the HOPE (Hackers On Planet Earth) Number Nine conference in New York, New York, USA: <URL>\n\"The NSA Is Building the Country's Biggest Spy Center (Watch What You Say)\" by James Bamford, published on 15 March 2012: <URL>\n\"29C3 [29th Chaos Communication Congress] Panel: Jesselyn Radack, Thomas Drake, William Binney on whistleblowing and surveillance\", 27 December 2012: <URL>\n\"Giving In to the Surveillance State\" by Shane Harris, published on 22 August 2012: <URL>\n\"The Structure of Power in American Society\" by C. Wright Mills, March 1958: <URL>\n\"The Superclass\" by David Rothkopf, 28 September 2007: <URL>\nA Closer Look At American Exceptionalism: <URL>\n\"The Histomap. Four Thousand Years Of World History. Relative Power Of Contemporary States, Nations And Empires.\" by John B. Sparks: <URL>\n\n"}