{"language": "en", "subreddit": "politics", "author": "trot-trot", "body": "I'll Just Leave These Right Here . . .\n\n\nEconomist Jeffrey D. Sachs speaking at the \"Fixing the Banking System for Good\" event, convened by the Global Interdependence Center, on 17 April 2013 in Philadelphia, Pennsylvania, USA\n\nAudio: \"SR 76 Wall Street\" published at <URL>\n\nTranscript: <URL>\n<URL>\n\"Signing of the Gramm-Leach-Bliley Act\": <URL>\n\"How Deregulation Eviscerated the Banking Sector Safety Net and Spawned the U.S. Financial Crisis\" by Shah Gilani, published on 13 January 2009: <URL>\n\"Mafia States\" by Mois\u00e9s Na\u00edm, posted on 25 April 2012: <URL>\nLetter from Alexis de Tocqueville \"To Ernest de Chabrol New York, June 9, 1831\": <URL>\n\". . . the U.S. is unique. And just as we have the world's most advanced economy, military, and technology, we also have its most advanced oligarchy.\n\nIn a primitive political system, power is transmitted through violence, or the threat of violence: military coups, private militias, and so on. In a less primitive system more typical of emerging markets, power is transmitted via money: bribes, kickbacks, and offshore bank accounts. Although lobbying and campaign contributions certainly play major roles in the American political system, old-fashioned corruption--envelopes stuffed with $100 bills--is probably a sideshow today, Jack Abramoff notwithstanding.\n\nInstead, the American financial industry gained political power by amassing a kind of cultural capital--a belief system. Once, perhaps, what was good for General Motors was good for the country. Over the past decade, the attitude took hold that what was good for Wall Street was good for the country. The banking-and-securities industry has become one of the top contributors to political campaigns, but at the peak of its influence, it did not have to buy favors the way, for example, the tobacco companies or military contractors might have to. Instead, it benefited from the fact that Washington insiders already believed that large financial institutions and free-flowing capital markets were crucial to America's position in the world. . . .\"\n\nSource:  \"The Quiet Coup\" by Simon Johnson, published at  <URL> via <URL>\n\". . . With the notable exception of the War of 1812, the United States did not face any significant foreign incursions in the 19th century. It contained the threat from both Canada and Mexico with a minimum of disruption to American life and in so doing ended the risk of local military conflicts with other countries. North America was viewed as a remarkably safe place.\n\nEven the American Civil War did not disrupt this belief. The massive industrial and demographic imbalance between North and South meant that the war's outcome was never in doubt. The North's population was four times the size of the population of free Southerners while its industrial base was 10 times that of the South. As soon as the North's military strategy started to leverage those advantages the South was crushed. Additionally, most of the settlers of the Midwest and West Coast were from the North (Southern settlers moved into what would become Texas and New Mexico), so the dominant American culture was only strengthened by the limits placed on the South during Reconstruction.\n\nAs a result, life for this dominant 'Northern' culture got measurably better every single year for more than five generations. Americans became convinced that such a state of affairs -- that things can, will and should improve every day -- was normal. Americans came to believe that their wealth and security is a result of a Manifest Destiny that reflects something different about Americans compared to the rest of humanity. The sense is that Americans are somehow better -- destined for greatness -- rather than simply being very lucky to live where they do. It is an unbalanced and inaccurate belief, but it is at the root of American mania and arrogance.\n\nMany Americans do not understand that the Russian wheat belt is the steppe, which has hotter summers, colder winters and less rain than even the relatively arid Great Plains. There is not a common understanding that the histories of China and Europe are replete with genocidal conflicts because different nationalities were located too close together, or that the African plateaus hinder economic development. Instead there is a general understanding that the United States has been successful for more than two centuries and that the rest of the world has been less so. Americans do not treasure the 'good times' because they see growth and security as the normal state of affairs, and Americans are more than a little puzzled as to why the rest of the world always seems to be struggling. And so what Americans see as normal day-to-day activities the rest of the world sees as American hubris.\n\nBut not everything goes right all the time. What happens when something goes wrong, when the rest of the world reaches out and touches the Americans on something other than America's terms? When one is convinced that things can, will and should continually improve, the shock of negative developments or foreign interaction is palpable. Mania becomes depression and arrogance turns into panic. . . .\"\n\nSource: \"The Geopolitics of the United States, Part 2: American Identity and the Threats of Tomorrow\" by Dr. George Friedman, published at <URL>\n\nSee also: \"The Geopolitics of the United States, Part 1: The Inevitable Empire\" by Dr. George Friedman, published at <URL>\n\"American Exceptionalism... Exposed\" by Walter A. McDougall, published October 2012: <URL>\n\"The Histomap. Four Thousand Years Of World History. Relative Power Of Contemporary States, Nations And Empires.\" by John B. Sparks: <URL>\n\n"}