{"language": "en", "subreddit": "vzla", "author": "antesdelunes", "body": "I just re-read our exchange and I see that you have a great way scurrying around arguments with that suave style englishmen use while drinking earl grey tea at 4:00 pm (I say that as a compliment, most commenters in /r/vzla are pretty dull). \n\nI may be a bit agressive, I apologize - it's a consequence of having certain ideological tendencies in this subreddit and dealing everyday with other subscribers. It balances out with you being a bit overly on the deffensive side: your first comment to me was that I was putting words in your mouth. I wasn't implying that you had some malignant intention either, I'll try to summarize it instead saying that you are fit a certain type of what I call the \"tenemos patria crowd\" (yes, I skimmed over your comments). We just have have ways of understanding politics and economics which are so different. You are well aware of the ideas you defend, as I said, it is not naiveness in any way it's just that we see things differently and I realize it will pretty hard to find a middle ground in many issues.\n\nYou say, for example, that the US hasn't defaulted either in its payments. Well of course, if you have the money making machine it is hard to run out of money in the first place. We'd have to discuss the droping of the gold standard and the creation of fiat money and petrodollars and oil wars to paint a better picture of what this means.\n\nThen you speak about the US giving better conditions for investors and how they produce a lot of things. Then I would bring up the manufacturing outsourcing to third world countries just to be able to take advantage of people working in semi-slave conditions like clothing manufacturers in Bangladesh and technology manufacturers in China (with the recent scandals of mutinies and collapsed buildings that have surfaced); Also the corporate personhood and the first amendment provisions that come with it that allow companies to legally bribe politicians and shape the entire globe's policies through lobying and corporate muscle flexing because it is \"free speech\"; finally, how the US produces less and less each year (it's there in the link that I first provided) and yet they manage to squeeze more money via copyright extensions, patents of ideas or even genetic biodiversity that's not even theirs to begin with. \n\nI have some interesting writings where I analize the \"no free lunch\" theorem, the law of conservation of energy and competitive theory which well apply here.\n\nI would have to add here also the war machine  that makes up a big part of their GDP, call it war on drugs, war on terrorism, cyberwar... It is so necesary to find enemies and pick fights everywhere or how do you justify all that spending? I would then go and bring up military keynesianism and big government spending and how it's basically the same that Venezuela's government does and welfare states do (what you call European socialism) but without all the killings and invasions... and of course in countries with different cultures, work ethics, and willing political actors which in turn bring up different results. \n\nThen there's the issue of \"poking at the bear\". \n\nI don't know if you remember but when Chavez came to power he didn't even praise socialism, on the contrary, he promoted Tony Blair's (oh the irony) third way. His government didn't expropriate anything (that came later).  What were the government's sins? Trying a land reform, reforming the oil law, taxing businesses, denouncing the invasion of Iraq, whose commercial relations with Venezuela were used against the government before said invasion.\n\nWe know what Venezuela got for these \"pokings\": initially a coup, political instability (which of course has always been used against us afterwards), a long lockout that shattered the economy (remember how data from Intesa was sequestered in the US during that time?). Once the positions were radicalized, banking and business sanctions, financing of opposition groups (violent and else), etc.  \n\nBut I could also bring up examples in Central Asia (I have written some great analysis on the situation of the Caucasian Sea Basin); or what ocurred in the former Soviet republics and in the Balkans with the so-called colored revolutions; or what happens in Northern Africa, the Middle East, Central and South America... it's funny because everywhere there seems to be somebody poking at the bear at any given time.\n\nOf course I don't agree with your views on government thievery of private enterprises. We would probably have to discuss different approaches of freedom - positive and negative; individual and collective rights; even appropriate responses to what I call the devaluation of the protest specifically through the politization of the economic activity as a means the produce political changes. Just like I'm sure we don't agree on the degree of responsability of the different actors (government, opposition, businesspeople, the big media, the church, the common man, the military) in Venezuela's crisis or the degree of recklessness within the government's policies. \n\nSo there's that. As I said, I appreciate you took the time to write your posts. \n"}