{"language": "en", "subreddit": "vegan", "author": "antesdelunes", "body": "I think you misundertood me when I wrote about \"their conclusions\": I was specifically refering to the fact that neither of them consider(ed) ants to be sentient creatures. Neither Singer nor Reagan thought you could be speciesist towards ants precisely because they weren't regarded as subjects of moral consideration.\n\nIt's not reasonable for me to defend my argument from the ad hoc premise that you introduced, for the practical purposes of this particular case it is irrelevant if ants have a brain or a central nervous system.\n\nI am familiar with Christine Koosgard's deontological argument for veganism. I appreciate some of her contributions to normativity but that doesn't mean I necessarily agree with all of her conclusions.\n\nLikewise, I have read the original material you are refering from Singer and Reagan, but I have gone beyond and read from environmental ethicists like Holms Rolston III, whose ethical model recognizes the need to reduce animal suffering but finds Bentham's \"can they suffer?\" premise restricting and inadequate and argues for the morality of the consumption of animals in principle; or Aldo Leopold, a crucial figure in the development of land ethics.\n\nIn fact, I recently reviewed \"Animal Liberation\" chapter by chapter in some other sub. Despite its prominence and Singer's almost superstar status in vegan circles I find that book to have some glaring conceptual and philosophical inconsistencies. You can read my analysis here, here and here.\n\nI kept on mentioning interests in plants while - truth be told - they do not have subjective lives, just as you've said. But I wasn't speaking of subjective experiences and in this point I would prefer to think we are running around semantics. In Rolston III's words:\n\n\n\"Organisms have ends\" ... \"these life motifs are set to drive the movement from genotypic potential to phenotypic expression. Given a chance, these molecules seek organic self-expression\" ... \"The physical state that the organism seeks, idealized in its programmatic form, is a valued state.\"\n\nI wrote \"interest\" for the sake of colloqual discussion in this sub. For conceptual clarification we might as well use a more the term \"vitality\", a basic characteristic of sentient and non-sentient animals, expressed by their DNA and understood as a normative set which leads all living creatures to achieve their value state. A human's, a cow's, an ant's and a plant's vitalities are expressed differently depending on the information contained in their DNA and the environmental constraints that they're subject to.\n\nOf course, some people could argue that subjective experiences naturally award more value to certain species over others (sentism or non-sentism) or, on the basis of interest utilitarianism, reject the moral consideration of non-sentient creatures because of their lack of \"interests\" (which I reject). And yet that hasn't stopped humans to put in the past greater value for plants and other non-sentient creatures over sentient animals if this helped to maintain the integrity, stability, and beauty of biotic communities that I mentioned in my previous comment.\n\n\nIt's the same reason why we cull the populations other sentient invasive species, like the lionfish that threaten coral ecosystems in the Caribbean region.\n\nI came up with a thought experiment the other day to take this idea one step beyond: Suppose that some decades from now after much research we found life in Europa (the jovian moon) - exclusively unicelular creatures reminiscent of Earth's bacterias - and space agencies organize a succesful manned trip to land on its surface. In the middle lunar walk the breathing systems of one of the astronauts fail completely and he will die if he doesn't enter the lunar module at once (much complex and bigger in size than ancient modules considering the length and nature of the trip). However, the pressure chamber between the outside and the habitable chambers hasn't been completely sterilized and there's a high risk of contaminating Europa with Earth bacteria if the hatch is opened, with potentially catastrophic consequences for the local ecosystem.\n\nWould you open the hatch or not? Could a bunch of non-sentient bacteria be more valuable than a human being? What's would be the criteria of value if we were to save Europan bacterias? Their uniqueness? The potential scientific implications of the discovery? Wouldn't this uniqueness the same for species on Earth, based on the genetic information they carry? Their \"vitality\" or what I called the \"interest in carrying out their living functions\"?\n\nIn the end, what you choose will be based on what you think is correct. We as humans will decide - or will be cognitive aware if you prefer it, a discussion on moral realism and ethical subjetivism will be too lengthy here - if that behavior is wrong or right. \n\nFor example, can you afirm categorically that Singer's ethical framework is objectively moral?\n\nContinued...\n"}