{"language": "en", "subreddit": "vegan", "author": "antesdelunes", "body": "This is a circle-jerk caricature of the original argument which can be stated as well-thought critique of the ethical implications of the moral systems that defend veganism and the arguments that support them. From the perspective of ethical intuitionism it might appear frivolous but from a pure philosophical perspective it can provide an interesting point of discussion. \n\nLet's first start by fleshing out the argument from marginal cases: It states that some non-human animals have more meaningful lives that margin-case humans - e.g. severly retarded people, new-born babies, senile people. Since our societies regard human lives as sacred, then by extension we should hold sacred the lives of those animals too.\n\nThis makes good sense. Take for instance a recent case of a pregnant Salvadoran girl sick with lupus who was denied an abortion of a fetus that suffered from anencephally by the Salvadoran highest court. The ruling that cited the national law's \"absolute impediment to authorise the practice of abortion\". \n\nThe National Institute of Neurological Disorders and Stroke (NINDS) describes anencephaly in following terms: \"A baby born with anencephaly is usually blind, deaf, unaware of its surroundings and unable to feel pain.\"\n\nSo you have a fetus that cannot feel pain, is not aware of its surroundings and will die in a few days even if it were to make it to the date of its birth. Since the Salvadoran highest court has vehemently defended its life at all costs, it would only be logical if it also defended the lives of countless cows or a pigs or whatever other sentient animals people eat on a daily basis whose lives are more meaningful than its fetus, at least if we are to follow a coherent ethical framework. \n\nThe argument from marginal cases is complemented by what Peter Singer calls the \"principle of equal consideration of interests\": If we have already established that sentient non-human animals are subjects of our moral consideration, then we should include all of their interests when calculating the rightness of our actions towards them. Since non-human animals have an inherent interest in living and not feeling pain, then we shouldn't be allowed to kill them or make them suffer. \n\nSo far, so good, though keep in mind that I'm deliberately arguing on the basis of Singer's approach for the ethical treatment of animals for a couple of reasons: First, because \"plants feel pain\" falls under the scope of argument against suffering which is the most relevant criterium for the animal liberation movement, and second because some deontological ethical frameworks like Regan's animal rights subject-of-a-life approach don't even take into consideration the species I will use as examples.   \n\nWhat if we took the argument from marginal cases and the principle of equal consideration of interests one step beyond? The ethical frameworks that deal with animal welfare and animal rights which I've mentioned draw a line in the sand at sentience: If it feels pain it is worthy of moral consideration, otherwise it is good to kill - and eat if it were the case - despite other ethical frameworks like jainism think it's life and not sentience is what really matters (which is the reason why jainists do not kill insects, do not eat vegetables whose harvest implies the death of the plant and do not drink fermented beverages, but I'll leave them aside for the time being). \n\nOne could ask, do any non-sentient life forms have more meaningful lives than sentient animals - which we have previously awarded moral consideration? \n\nTake for instance ants, a truly remarkable highly-developed family of species that have complex social lives and division of labour, communicate among themselves and have the ability to solve complex problems. If you've spent even a little time playing with ants you can see that they show behaviours consistent with the idea of having interests: If you kill one little creature in a line of ants the rest will show distress, one of them will run for its life if you start bothering it but if you threaten the ant hill they will come out in full force and attack you, no matter if you're a gigantic killer monster to them. \n\nCould we consider the life of, let's say, the ant queen to have a more meaningful than the lives of certain sentient creatures? Most certainly, in fact I'd argue that the life of any given ant queen is more valuable than the life of the anencephallic fetus in the example above. \n\nIn theory, and again to maintain ethical coherence, since we have used the argument from marginal cases to defend the well-being of sentient non-human animals, we should probably extend the logic towards non-sentient non-human animals as well. I say in theory because if you have already made your mind that sentience is the boundary for moral consideration you will probably opt-out of this conclusion. Take for instance what Matt Ball has to say about the universality of ethics in \"A Theory of Ethics\":\n\n\nIn any case - either you defend a vegan ethical position on a welfarist utilitarian position or deontological rights-based position - you can probably see that the following statements are valid: Interests by living creatures can and do go beyond sentience and we may decide or not that these interests award moral consideration or not. When you break it down this way, both the animal liberation movement and the case for animal rights start to look a lot like the (speciesist) Kantian approach of human-animal relations: Humans only have indirect duties towards animals and the boundaries of these duties are arbritarily chosen by us in ways that resemble how we treat humanity, making us better persons in the process.\n\nWhich brings us to plants: they may or may not feel pain, but they certainly have interests. They show their interests through a series of behaviours, some obvious and others not so much, like movement (positive and negative geotropism and phototropism, heliotropism, twining, reactions of sentitive plants), chemical reactions and adaptative characteristics that allow them grow and reproduce succesfully. \n\nPlants do not have rights because we choose them to not have rights since we are the arbiters of righteous actions and of the criteria that awards moral consideration - something that I fail to see how its not speciesist in itself. Since we are already the arbiters of rights and moral consideration for certain non-sentient non-human species we can be the arbiters of rights for whatever other sentient non-human species as well. \n\nThat's how the \"plants feel pain too\" argument goes. \n"}