{"language": "en", "subreddit": "vegan", "author": "antesdelunes", "body": "When I first read \"Animal Liberation\" I realized that there were serious logical contradictions within his case against speciesism. Specifically, Singer's argument from marginal cases was stated in such a way that required sanctity of life to be upheld, which when paired with his own positions on the issue could make it to easily be rebutted using his exact same logic. Also, that he was never against discrimating against certain species and individuals - he so states it in the book - but against doing so automatically based on the fact that we belong to certain species or not, a notion that I find problematic because of the weakness of the case from marginal cases which I already mentioned, but also because the main criteria he uses beyond sentience (intelligence and the ability to form significant bonds with other individuals) seem to be speciesist in themselves, considering that they not only automatically put certain species at a disadvantage but also because these are determined by the characteristics of species themselves. \n\nThere are other problems that I encountered: first, the implications of consequentialist ethics with regard to our responsability as moral agents while dealing with suffering of wildlife in natural ecosystems; and the obvious limitations of the principle of equal consideration of interests when these interests are viewed under the lense of an anthropocentric understanding of how objects and actions should be valued.\n\nWhen you put all of these contradictions together you understand why he isn't necessarily against eating animal products or even experimenting with animals if there is sufficient value in doing so - which goes completely against his own condemnation of speciesism - and it's the reason why abolitionists like Gary Francione are so critical of his welfarist position.\n\nSo then I started thinking, maybe abolitionism makes more sense since you are not debating from the basis of value but on the intrinsic rights that animal might have - which is Tom Reagan's argument in \"The Case for Animal Rights\". But then I found other problems with this other position - first and foremost, the arbitrary and restrictive nature of pain and pleasure as the \"interests\" chosen for the principle of equal consideration of interests, as if these were the only guiding motives behind the actions of living creatures. \n\nPeople at this sub often mock the idea of the \"rights of plants\", but that is simply a strawman to hide that fact that abolitionists have established an arbitrary point (which goes back to Bentham and utilitarians, with the attached limitations of utilitarianism that I barely skimmed in the paragraphs above) to define what those interests are. \n\nDo plants have interests? You can do a little home experiment: plant a seed in a small pot and put it inside a cardbox with one of its sides cut off as a window. The plant will grow tilted towards the side of the window because that is where the sunlight - its main source of energy - comes from. This phenomenon - the orientation of the plant in response to light - is called positive phototropism. If you were to twist the pot in order to make the tilt of the plant point towards the oposite side of the box, the plant will again tilt back towards the source of light. It is almost as the plant was interested in receiving more sunlight. Besides positive phototropism, the plant also exhibits geotropism, the growth in response to gravity. While root tips have positive geotropism, they move towards earth in order to have a bigger chance of finding moisture, the stems have negative geotropism, because it improves their chances of finding light. \n\nAlso, plants, as other living creatures, have an utmost interest in reproducing. It is not a coincidence that the seeds, which are plants' sexual means of reproduction, are energy packed and contain some of the highest levels protein, oils and nutrients in the entire plant. The fruits and pods that contain them are nutritious too and play an important part attracting animals to eat them and spread the seeds around. \n\nNow forget plants for a moment, there's a whole array of creatures that are crucial for the world's environments which are excluded by the sentience approach to animal ethics: corals, polips, starfish. What is the ethical framework that protects them from human action or inaction? Utilitarianism? The one that abolitionists selectively put aside while dealing with sentient animals?\n\nEven insects belong to this cathegory of creatures and are selectively cared for by vegans - something that I find amusing: Bees - \"do not take their honey, bees are cool\"; aphids and other hemiptera, locusts, choleoptera, butterfly larvae, cockroaches, mosquitoes, and whatever other species that are a nuisance -  \"well, we try to care for animals as much as it is possible\"... \n\nIt is interesting that the sentience as the basis for moral justification is accepted as a matter of fact - as an a priori argument. Take for instance, Matt Ball's position in his essay \"A Theory of Ethics\":\n\n\nThey're irrelevant to them because you as an ethicist so chose it in the first place, that doesn't mean they are not programmed to carry out basic life functions - to use energy, to grow, to respond to changes in the environment and to reproduce, which are the result of millions of years of evolution, regardless that these functions are propelled by reacting to pain and pleasure or by mere instinct. \n\nIn this sense, I think that one of the structural problems of both welfarist and abolistionist currents of thought an action lies on the anthropocentristic component of the veganist moral framework: By merely assuming we are moral agents with moral duties as opposed to other animals we have already erected a barrier between us and them, even more so when we dictate a whole set of norms that they must assume passively. It is our subjective understanding of utility which is used to make the calculations of preference value which will always give humans inordinate benefits, but also our subjective definition of what interests are is what allows us to establish such boundaries that give us permissions to treat each species as we find most convenient - either for food or for plague management or for company or whatever. We are intrinsically speciesist whether we want it or not. \n\nThink about it. There are 90MM cats more or less as house pets in the US right now. Let's put aside the thousands of animals that have to be killed to make the food that feeds them and that many vegans are willing to tolerate because \"cats are carnivores and they don't know better\". A study from the Smithsonian Conservation Biology Institute and the U.S. Fish and Wildlife Service from 2013 estimated that domestic cats kill 1.4 to 3.7 billion birds and 6.9 to 20.7 billion mammals every year just in the US. That's 80 to 250 wild animals per cat per year. The number of animals that die as a result of industrialized husbandry in the US - which I've read go around 10 billion a year and are often referred to as a \"holocaust\" by plenty of vegans - pale in comparison to the number of animals killed by our furry companions.\n\nSeen in an objective light (specially from utilitarian views) you have to admit that cats are a plague. Even Singer acknowledges in his \"effective altruism\" speeches that there is a disproportionate amount of money for charity given to dog and cat rescue institutions considering that these two species are the ones that suffer the least. Now, if we were true utilitarians we'd have to agree to sacrifice domestic cats but we won't do that and it's for completely selfish reasons. What's the difference between processing fish to make the food that my cat eats or for eating it myself? in either case the \"rights\" of the fish to keep on living are done for. At least that's what the utilitarians think as well from their consequentialist understanding of cons. \n\nThis is but an example, but it shows one of the big inconsistencies of the vegan lifestyle in regards to the moral \"ought\" meaning that since we can do something, we ought to do it: We can go on living without eating meat therefore we ought to do it? Well, you can live without electricity, go Amish or anarcho-primitivist, ought we to do it as well? After all, wind turbines kill some 25 million birds and bats in the US every year and millions of animals more die because of human practices of electricity production and distribution. That's at least the position of utilitarians:  an Amish that breeds and kills his animals humanely to eat and grows his crops without mechanized harvesters and tillers is probably more morally responsible regarding animal deaths that any given vegan, even without thinking about it.\n\nContinues...\n"}