{"language": "en", "subreddit": "DebateAVegan", "author": "antesdelunes", "body": "I thank you for your time and questions. I'll answer them all but I'll first begin with a small introduction: \n\nI understand that animal ethicists needed to define sentience as the moral baseline because they felt it was foolproof as an argumentation device for the defence the well-being of animals, and more specifically animals that are more similar to us in our characteristics. The trade-off was that non-sentient beings had to be left out. \n\nThink about it: What do us humans have in common with a plant, a beetle or a mushroom? Besides genotypical information coded into our DNA chains which drive some basic living functions in all of us, not much. If they were included, the moral umbrella on how we treat other living beings would seem to be absolutely arbitrary and then, how were they going to argue with somebody that eating an animal was wrong? Omnivorists could simply say: \"Oh! but you eat plants and they are subjects of moral considerations too\" and their replies on plants not feeling pain would have lost much of their weight. \n\nSo, in that sense, deciding that sentience was the moral baseline was smart, but I think not necesarily foolproof. I'll provide with you yet another hypothetical that might actually come true some years from now. \n\nLet's say that people at NASA discover life on Jupiter's moon Europa, but not sentient life but small bacteria-like creatures, similar to the ones on Earth but still much different due to their unique evolutionary course. That would arguably be the most important scientific discovery in human history, one which would give a completely new and revolutionary understanding of our existence in the universe. Wouldn't you agree that our solar system would be infinitely better, qualitative speaking, if there was life elsewhere instead of just barren rock even if it doesn't feel or think in the limited terms that us humans relate to? \n\nAnd yet, if we follow the premises of animal liberation or abolitionism those alien species would belong to abstract, arbitrary constructions whose members do not deserve moral consideration and just potential value as human instruments, just like all not-sentient life on Earth. Put in other words: Alien non-sentient life would only be important because of humans. \n\nHow arrogant does that sound? Come to think of it, most if not all ethical systems lead to similar arrogant conclusions because, in the end, they provide decision-taking guidelines for what we humans believe to be good and bad. There is no objective principle that says that trophic chains are bad in themselves, the universe didn't care for them in the billions of years before humans came to existence and will not care for the for the billions of years after our time on Earth ends. They are only important to us, because of us. \n\nSo we choose how we treat different species within the sphere of our moral consideration. Animal liberation and abolitionism have chosen to exclude hundreds of thousands of living species for what they consider is right. I see no problem in that in principle, but to that claim that only themselves are non-speciesist because they've decided to assume some seemingly more inclusive criterion is grasping. \n\nLife-forms are in themselves valuable, not because they feel or think but because they contain information - resulting from the struggle of millions of generations - that have allowed to survive in an inmense range of scenarios through specialization and the interactions with countless other equally evolved life-forms in ever-changing environmental conditions. Non-sentient species on Earth are counted in the hundreds of thousands, we can compare their disappearance to libraries full of unique and amazingly rich books burning down, the only difference in this case is that the tomes of these libraries were not written by humans hands but engraved with the lives and deaths of countless past generations. \n\nSo yes, I believe that in order to benefit sentient beings we should protect the environment, but then not only sentient beings but all beings, including non-sentient ones. \n\nI am not in favor of factory farming, on the contrary I think modern factory practices are terribly detrimental to the environment. In that sense I appreciate the tangential benefits that ethical veganism provide to the environment by attacking them, but I undersand the main focus of veganism is by no means the protection of the environment and its tenets imply that the work done by vegans sometime go in ways completely against the focus of environmentalism. Take for instance this comment in one of the /r/vegan threads I've linked elsewhere:\n\n\nI also believe that veganisms reliance on speciesism is counterproductive in our understanding of how to better confront pressing environmental issues that we are facing right now. Speciesism as a reductionist idea pretends, inadequately, to explain every single facet of the relationship between humans and animals as the exclusive result of discriminations from the former towards the later. \n\nTake for instance this essay which expands on a common vegan talking point:\n\n\nThe author misses entirely a profound discussion on division of labour, which as an economic concept has been approached and discussed since Plato's Republic but has much more recently been identified by Donald E. Brown as a \"human universal\": \"those (empirically determined) features of culture, society, language, behavior, and psyche found in all [emphasis mine] ethnographically or historically recorded human societies\".\n\nBrown states that the explanation for human universals might be probabilistic, however \"the greater the number of societies that possess the pattern, and the more complex the pattern, the less the likelihood that the distribution of the pattern results from mere coincidence\" and he details a few possible explanations for these universals, including them being being features of human nature itself:\n\n\nThere might or not be evolutionary explanations for the division of labor, but discarding the cultural motivations and consequences of specialization that have brought along the delegating food production and distribution system to third parties, including those that allow the present socio-economic conditions for veganism to exist in the first place - increase in productivity and efficiency, development of technological innovations - and then pretending to invoke natural human instincts, seems ridiculous in this case. \n\nFactory farming, which is a relatively recent phenomenom, has come to be as a natural consequence of the paradigms of classic economy: Needs are infinite and resources are scarce, economic entities are \"rational\", rational entities increase profits and reduce costs, the system will balance itself out. The consumerist model and the economic assumptions of classic liberal economy are the elements that we really have to confront, and we are only going to be able to do that through a true understanding of concepts like \"division of labor\" and how it affects common used benchmarks that we use to measure economic value and which I have mentioned: productivity, efficiency, cost reduction, etc. \n\nUnless you tackle the underlying true issues, you will end up entertaining yourself with feel-good but ineffective actions. \n\nContinues...\n"}