{"language": "en", "subreddit": "worldnews", "author": "ravia", "body": "Part II\n\nI usually refer to this altogether as \"nonviolence thoughtaction\". It must deal with both responses to the usual directions secularism has taken and the problems therein, as well as interactions with religious commitments, communities, etc. \n\nSo developed and provisionally grounded/articulated in the Special Work, this kind of path making can then allow people to a positive and rich development that does not lead to some of the basic problems that beset secularism, and which allows a more able engagement with the world. The critical aspect appears to entail the way the universal or very broad elements are rendered and developed. This dimension must be of great breadth and extension, yet must still remain simple and appropriately provisional. \n\nIt is \"revolutionary\" in a way that gives the question to \"revolution\" (since we know the history of revolution is marked by terrible violence). Passing trough a development of nonviolence, revolution is then rendered as \"envolution\": that \"turning\" that is initiated from within existing structures in the form of the \"en\". This \"turning\" is en-acted variously, but does not amount to a \"whole world turning\" as that is too much.\n\nThis work should not, I suggest, involve a terribly specific and idiosyncratic language, however. Idiosyncratic neologism should be restricted to just those terms that arise given the specific needs of truly eliding with the major existing structures/themes/bodies of work, etc., that do exist in the world. Yet at the same time, several such terms may be adopted provided they do meet this requirement. Thus I recommend a collection of terms that assist at this juncture, one of which is \"envolution\". \n\nSo then we would speak of things like \"stepping into envolutionary nonviolence thoughtaction\", \"post-postmodernism\", \"enconstructive envolutionary thoughtaction\", \"enarchism\", \"post-religious nonviolence thoughtaciton and dwelling\", etc. Given the adequate emphasis on thought, these then could elide with yet necessarily separate from predominant existential and post-existential developments, the history of science and science-spirited engagements and investigations, the problematic encounter with belief in a supreme/higher power, authority and authorization, etc. This must all occur with what is most obviously needful throughout: an independent affirmation of nonviolence as such. Nonviolence must be independently and principally affirmed in a thematic and substantive manner.\n\nOne of the best tests for this sort of path is whether the terms and practices involved will basically show themselves to be necessary whatever terms one uses. The question is whether whatever people do is going to have to hit off this or that moment, issue, world formation, etc. So you can call it somewhat different things, but you're going to have to have this or that element (like an affirmation of nonviolence, an affirmation of thought as such, etc.) In other words, selecting terms at this juncture is not a matter of throwing just anything together: they must truly elide with and keep in place critical and major principles, dimensions and formations/traditions. Thus there is this \"special work\" of nonviolence thoughtaction that I keep in the most minimal nomenclature and of just calling it \"Special Work\", set off with capital letters.\n\nSo packages or given paths or meta-paths, so to speak, might arise out of special work that offer things that are partly akin to churches, partly universities, but which are definitely more organized to meet the necessities of daily, personal living. Such a work observes a fundamental principle of \"arising and disappearing\". Thus, the \"thought\" of thoughtaction is the very thought we already speak of when we are thinking about these sorts of issues, as in thinking of the problematics of this thread. It may arise into a more developed form by a kind of excursis or development, but can not amount to some tricky new thing, as this is would be both naive and simply a bit of a contrivance. No, real thought is needed and we can't fully re-invent the wheel. But we must rethink the wheel at the same time. Again, this is why the conception of something like \"envolution\" is critical. And, lest we forget, why the independent affirmation of nonviolence is most needful as well.\n\nI'm writing this here because it is critical to be able to elide with things as they are and not try to put together special \"packages\" in a very isolated or specialized space. This sort of thing should develop in the midst of standing and actual problems and our reactions, etc. \n\nSo I guess partly this is an invitation to envolutionary nonviolence thoughtaction and dwelling. As per the \"arising and disappearing\" principle, I simply challenge you to consider whether anything you do here should be without these specific features: \n\n\nthat any positive development and turning should be more a measured \"turning\" and not merely \"revolution\" (hence \"envolution\"); \nthat nonviolence is of critical and transcending importance (not in the sense of total pacifism but as the clear and independent affirmation of the prevention of violence and use of nonviolence based means in situations of conflict); \nthat thought in a rich sense is needful (in the sense we have in mind when we say things like \"current thought\" and \"giving thought to things\"; \nthat this thought must not amount simply to \"theory\" but must arise in conjunction with action (in the sense of taking action, political action, etc.); \nthat this must be a part of our personal living or dwelling.\n\n\nI think that hitting these bases is needful for responding to the problems presented in this thread.\n\nKeep it loose, but it is also time to work in new ways, I think.\n"}