{"language": "en", "subreddit": "worldnews", "author": "trot-trot", "body": "\n\". . . With the notable exception of the War of 1812, the United States did not face any significant foreign incursions in the 19th century. It contained the threat from both Canada and Mexico with a minimum of disruption to American life and in so doing ended the risk of local military conflicts with other countries. North America was viewed as a remarkably safe place.\n\nEven the American Civil War did not disrupt this belief. The massive industrial and demographic imbalance between North and South meant that the war's outcome was never in doubt. The North's population was four times the size of the population of free Southerners while its industrial base was 10 times that of the South. As soon as the North's military strategy started to leverage those advantages the South was crushed. Additionally, most of the settlers of the Midwest and West Coast were from the North (Southern settlers moved into what would become Texas and New Mexico), so the dominant American culture was only strengthened by the limits placed on the South during Reconstruction.\n\nAs a result, life for this dominant 'Northern' culture got measurably better every single year for more than five generations. Americans became convinced that such a state of affairs -- that things can, will and should improve every day -- was normal. Americans came to believe that their wealth and security is a result of a Manifest Destiny that reflects something different about Americans compared to the rest of humanity. The sense is that Americans are somehow better -- destined for greatness -- rather than simply being very lucky to live where they do. It is an unbalanced and inaccurate belief, but it is at the root of American mania and arrogance.\n\nMany Americans do not understand that the Russian wheat belt is the steppe, which has hotter summers, colder winters and less rain than even the relatively arid Great Plains. There is not a common understanding that the histories of China and Europe are replete with genocidal conflicts because different nationalities were located too close together, or that the African plateaus hinder economic development. Instead there is a general understanding that the United States has been successful for more than two centuries and that the rest of the world has been less so. Americans do not treasure the 'good times' because they see growth and security as the normal state of affairs, and Americans are more than a little puzzled as to why the rest of the world always seems to be struggling. And so what Americans see as normal day-to-day activities the rest of the world sees as American hubris.\n\nBut not everything goes right all the time. What happens when something goes wrong, when the rest of the world reaches out and touches the Americans on something other than America's terms? When one is convinced that things can, will and should continually improve, the shock of negative developments or foreign interaction is palpable. Mania becomes depression and arrogance turns into panic. . . .\"\n\nSource: \"The Geopolitics of the United States, Part 2: American Identity and the Threats of Tomorrow\" by Dr. George Friedman, available at <URL> or <URL>\n\nSee also: \"The Geopolitics of the United States, Part 1: The Inevitable Empire\" by Dr. George Friedman, available at <URL> or <URL> or <URL> (PDF)\n(a) \"A Closer Look At American Exceptionalism And The 'Indispensable Nation'\": <URL>\n\n(b) \"The Real Story of How America Became an Economic Superpower\" by David Frum, published on 24 December 2014: <URL>\n\n(c) <URL>\n\n(d) \"After Neoconservatism\" by Francis Fukuyama, published on 19 February 2006: <URL>\n(a) \"U.S. had plans to nuke the moon\" by Brian Todd and Dugald McConnell, published on 28 November 2012: <URL>\n\n(b) \"Did The U.S. Military Plan A Nuclear First Strike For 1963?\" by Heather A. Purcell and James K. Galbraith: <URL>\n\n(c) \"Excerpts From Pentagon's Plan: 'Prevent the Re-Emergence of a New Rival'\", published on 8 March 1992: <URL>\n\n(d) \"U.S. Strategy Plan Calls For Insuring No Rivals Develop\" by Patrick E. Tyler, published on 8 March 1992: <URL>\n\n(e) \"Senior U.S. Officials Assail Lone-Superpower Policy\" by Patrick E. Tyler, published on 11 March 1992: <URL>\n\n(f) \"Dick Cheney's Song of America: Drafting a plan for global dominance\" by David Armstrong, originally published October 2002: <URL>\n(a) Watch and listen to \"WAIS Presents: Stephen Kinzer\": <URL>\n\n(b) \"Brothers in Armchairs: For Allen and John Foster Dulles, regime change was an extension of the family business.\" by Jacob Heilbrunn, published September/October 2013: <URL> \n\n(c) \"How Two Brothers Waged A 'Secret World War' In The 1950s\" by NPR Staff, published on 29 September 2013: <URL>\n\nTranscript for \"Interview: Stephen Kinzer, Author Of 'The Brothers'\": <URL>\n\nAudio for \"Interview: Stephen Kinzer, Author Of 'The Brothers'\": <URL>\n\n(d) \"Brothers grim left legacy of mischief\" by Paul McGeough, published on 20 October 2013: <URL> or <URL>\n(a) \"How Wall Street Created a Nation\" by Russell Mokhiber and Robert Weissman, published on 27 October 2001: <URL>\n\n(b) \"The Late, Great American WASP: The old U.S. ruling class had plenty of problems. But are we really better off with a country run by the self-involved, over-schooled products of modern meritocracy?\" by Joseph Epstein, published on 20 December 2013: <URL>\n\nMirror: <URL>\n\"The Histomap. Four Thousand Years Of World History. Relative Power Of Contemporary States, Nations And Empires.\" by John B. Sparks, 4194 x 19108 pixels: <URL>\n\nRead the publishers' foreword in \"(Covers to) The Histomap. Four Thousand Years Of World History. Relative Power Of Contemporary States, Nations And Empires.\":  <URL> Mirror\n\nSource for the original, very large, high-resolution image (4194 x 19108 pixels): <URL> (\"Download 1: Full Image Download in MrSID Format\" and \"Download 2: MrSID Image Viewer for Windows\"), Mirror\n\n"}