{"language": "en", "subreddit": "worldnews", "author": "trot-trot", "body": "\n(a) \"The Vatican Thinks In Centuries\": <URL>\n\n(b) \"In his brief foreword to Ghislain Lafont's Imagining the Catholic Church, Archbishop Rembert Weakland, O.S.B., calls attention to something that makes Lafont's voice different from other voices speaking today about the church: Father Lafont does not think in words, sentences and paragraphs, but in centuries.\n\nAlthough concerned with doctrine and tradition, Imagining the Catholic Church is not steeped in Vatican anxiety over orthodoxy. Although attentive to contemporary experiences and intellectual currents, it does not assume the tone of an academic argument. It neither highlights nor ignores the administrative concerns of bishops. It responds to but does not canonize the everyday experiences of pastoral agents. Above all, Lafont, a French Benedictine priest and theologian, reflects on the church from the silence of the monastery. He meditates on the long view. He thinks in centuries. . . .\"\n\nSource: \"The Future of Vatican II\" by Kevin F. Burke, S.J., published on 16 July 2001 at <URL>\n\n(c) \"A Closer Look At The Vatican\": <URL>\n(a) \". . . What issues will be discussed in the conclave?\n\nFormer House Speaker Tip O'Neil was correct: \"All politics is local,\" even in the Catholic Church.\n\nThe cardinals from the third world have people who are starving and suffering from the negative impact of globalization of the economy. They will want a pope who will speak out for social justice and forgiveness of third-world debt and be willing to stand up to the American superpower. Cardinals from Africa and Asia are confronted by growing Islamic fundamentalism. They will want a pope who understands Islam and will not use inflammatory words like \"crusade,\" as did President George W. Bush. They want a pope who, like John Paul, will support dialogue with Muslims but at the same time stand up for the rights of Catholics.\n\nOn the other hand, in Latin America there are few Muslims. The concern there is the evangelicals and Pentecostals who are \"stealing their sheep.\"\n\nIn North America and Europe, the cardinals will want a pope who will continue the fight of Benedict against secularism and relativism but also support ecumenical dialogue with Protestants and Jews. Given the growing alienation of educated women, they would also want someone who projects an understanding of women's concerns. The last thing they would want, for example, is a pope who would decide to get rid of altar girls. The American cardinals would also want someone who understands and supports what they are doing to deal with the sexual abuse crisis. Europeans are concerned about the growing number of Muslims in Europe. . . .\"\n\nSource: \"Papal Transition: Q&A on Papal Transition, Conclave & Election of New Pope\" by Thomas J. Reese, S.J., published February 2013 at <URL>\n\n(b) \". . . In contrast to the very egalitarian hierarchy of the Muslim world, however, the Holy See has a very centralized and institutional stabilized power. Atat\u00fcrk managed to abolish the caliphate, Napoleon and Garibaldi failed to do the same with the papacy. Thus, the Holy See as a stable institution has a political agency effective enough to foster its moral accessibility globally more than others. The Holy See's ambition is higher than to become a chaplain of globalization, which it probably already is, but to shape its very constitutive rules. . . .\"\n\nSource: \"The Holy See in Transnational Governance\" by Mariano Barbato, August 2011, 6th European Consortium for Political Research (ECPR) General Conference at the University of Iceland in Reykjavik, Iceland, available at <URL> \n\n(c) \". . . At least in terms of public interest, the difference between the election of John Paul's successor and the election of Pope Michael is simple: the man who comes out of the Sistine Chapel wearing white really does become the head of the Roman Catholic Church. Automatically he becomes one of the most important figures on earth, a man (and it will be a man) who commands a unique combination of political and spiritual power. Depending on how he chooses to exercise that power, governments and political systems may rise or fall, religious wars may heat up or abate, and the church may relax or rigidify its stance on issues such as women, sexuality, and the role of the papacy itself. Hence the conclave in Rome shares the element of the numinous with what happened in Delia -- the sense of contact with the mysteries of faith -- but it adds the ingredient of very real political consequences. That's what makes the conclave special: it is the Roman Catholic Church in microcosm, a cocktail of ritual, romance, and realpolitik. It is, as both the Bawdens and CNN realize, the greatest show on earth. . . .\"\n\nSource: \"Conclave: The Politics, Personalities, and Process of the Next Papal Election\" by John L. Allen Jr., available at <URL>\n<URL>\n(a) \"Entrevista al papa Francisco: 'La secesi\u00f3n de una naci\u00f3n hay que tomarla con pinzas'\" by Henrique Cymerman, published on 12 June 2014: <URL>\n\nEnglish translation: <URL>\n\n(b) \"\u00abWake up the World!\u00bb. Conversation with Pope Francis about the Religious Life\" by Antonio Spadaro, S.J.: <URL>\n\nItaliano: <URL>\n\nEspa\u00f1ol: <URL>\n\n(c) \"Pope warns Catholic clergy to be humble, not hypocrites\" by Philip Pullella and Ju-min Park, published on 16 August 2014: <URL>\n\n(d) \"Special Report: The bishop who stood up to China\" by Sui-Lee Wee, published on 31 March 2014: <URL>\n\n(e) \"Pope urges 'fraternal' dialogue with China, others\" by Nicole Winfield, published on 16 August 2014: <URL>\n\n(f) \"\u00abBenedetto XVI non \u00e8 una statua Partecipa alla vita della Chiesa\u00bb\" by Ferruccio de Bortoli, published on 5 March 2014: <URL>\n\n\"English Translation of Pope Francis' Corriere della Sera Interview\": <URL>\n(a) \"Pope, Obama discuss relations between Church and State\" by Elise Harris, published on 27 March 2014: <URL>\n\n(b) \"The Marian Apparitions in F\u00e1tima as Political Reality: Religion and Politics in Twentieth-Century Portugal\" by Paul Christopher Manuel: <URL>\n\nSource: <URL>\n\"Our Christian Earth: The astounding reach of the world's largest religion, in charts and maps\" by Max Fisher, published on 18 December 2012: <URL>\n\"The Histomap. Four Thousand Years Of World History. Relative Power Of Contemporary States, Nations And Empires.\" by John B. Sparks, 4194 x 19108 pixels: <URL>\n\nRead the publishers' foreword in \"(Covers to) The Histomap. Four Thousand Years Of World History. Relative Power Of Contemporary States, Nations And Empires.\":  <URL> Mirror\n\nSource for the original, very large, high-resolution image (4194 x 19108 pixels): <URL> (\"Download 1: Full Image Download in MrSID Format\" and \"Download 2: MrSID Image Viewer for Windows\"), Mirror\n\n"}