{"language": "en", "subreddit": "worldnews", "author": "trot-trot", "body": "\n\". . . Critics of Ms. Merkel's pro-U.S. stance have long been largely confined to the opposition, but skepticism was spreading through the government's ranks this week, underlining the chancellor's mounting challenge. Ralf Stegner, an influential vice chairman of the Social Democrats, Ms. Merkel's junior governing partner, said the spy allegations undermined the case for a trans-Atlantic free-trade agreement Ms. Merkel has been supporting.\n\nMs. Merkel's former justice minister, a member of the traditionally pro-American Free Democratic Party, said Wednesday that she wanted negotiations on that agreement to be put on ice and NSA leaker Edward Snowden to be granted the right to stay in Germany.\n\n\"We can't go on like this,\" said Sabine Leutheusser-Schnarrenberger, who held the cabinet post until Ms. Merkel formed a new government without her party in December. \n\"The Americans know no boundaries. They will only understand a clear message.\" . . .\"\n\nSource: \"New U.S. Spying Charges Make Trouble for Germany's Angela Merkel: Chancellor's Pro-American Stance Challenged by Latest in String of U.S. Spying Allegations\" by Anton Troianovski, published on 10 July 2014 at <URL>\n\". . . With the notable exception of the War of 1812, the United States did not face any significant foreign incursions in the 19th century. It contained the threat from both Canada and Mexico with a minimum of disruption to American life and in so doing ended the risk of local military conflicts with other countries. North America was viewed as a remarkably safe place.\n\nEven the American Civil War did not disrupt this belief. The massive industrial and demographic imbalance between North and South meant that the war's outcome was never in doubt. The North's population was four times the size of the population of free Southerners while its industrial base was 10 times that of the South. As soon as the North's military strategy started to leverage those advantages the South was crushed. Additionally, most of the settlers of the Midwest and West Coast were from the North (Southern settlers moved into what would become Texas and New Mexico), so the dominant American culture was only strengthened by the limits placed on the South during Reconstruction.\n\nAs a result, life for this dominant 'Northern' culture got measurably better every single year for more than five generations. Americans became convinced that such a state of affairs -- that things can, will and should improve every day -- was normal. Americans came to believe that their wealth and security is a result of a Manifest Destiny that reflects something different about Americans compared to the rest of humanity. The sense is that Americans are somehow better -- destined for greatness -- rather than simply being very lucky to live where they do. It is an unbalanced and inaccurate belief, but it is at the root of American mania and arrogance.\n\nMany Americans do not understand that the Russian wheat belt is the steppe, which has hotter summers, colder winters and less rain than even the relatively arid Great Plains. There is not a common understanding that the histories of China and Europe are replete with genocidal conflicts because different nationalities were located too close together, or that the African plateaus hinder economic development. Instead there is a general understanding that the United States has been successful for more than two centuries and that the rest of the world has been less so. Americans do not treasure the 'good times' because they see growth and security as the normal state of affairs, and Americans are more than a little puzzled as to why the rest of the world always seems to be struggling. And so what Americans see as normal day-to-day activities the rest of the world sees as American hubris.\n\nBut not everything goes right all the time. What happens when something goes wrong, when the rest of the world reaches out and touches the Americans on something other than America's terms? When one is convinced that things can, will and should continually improve, the shock of negative developments or foreign interaction is palpable. Mania becomes depression and arrogance turns into panic. . . .\"\n\nSource: \"The Geopolitics of the United States, Part 2: American Identity and the Threats of Tomorrow\" by Dr. George Friedman, available at <URL> or <URL>\n\nSee also: \"The Geopolitics of the United States, Part 1: The Inevitable Empire\" by Dr. George Friedman, available at <URL> or <URL> or <URL> (PDF)\n(a) \"United States Of America, The 'Indispensable Nation'\": <URL>\n\n(b) \"A Closer Look At American Exceptionalism\": <URL>\n\n(c) \"An American's View of the U.S. Negotiating Style\" by John W. McDonald: <URL>\n\nMirror: <URL>\n\n(d) \"The Superpower as Superhero: Hubris in U.S. Foreign Policy\" by Christopher J. Fettweis, September 2011: <URL>\n\n(e) \"Can the United States Correct Itself?\" by Jan Nederveen Pieterse, published in the August 2004 (Vol. 4, No. 3) issue of Cultural Studies <=> Critical Methodologies: <URL>\n\n(f) \"Ur Imperialism\" by Michael Brenner, published on 16 December 2013: <URL>\n\n(g) \"The Great Nation of Futurity\" by John L. O'Sullivan: <URL>\n\nMirror: <URL>\n\n\"Annexation\" by John L. O'Sullivan: <URL>\n\nMirror: <URL>\n\n(h) \"Gast, 'American Progress,' 1872\": <URL>\n\n\"American progress\": <URL>\n(a) \"U.S. had plans to nuke the moon\" by Brian Todd and Dugald McConnell, published on 28 November 2012: <URL>\n\n(b) \"Did The U.S. Military Plan A Nuclear First Strike For 1963?\" by Heather A. Purcell and James K. Galbraith: <URL>\n\n(c) \"Excerpts From Pentagon's Plan: 'Prevent the Re-Emergence of a New Rival'\", published on 8 March 1992: <URL>\n\n(d) \"U.S. Strategy Plan Calls For Insuring No Rivals Develop\" by Patrick E. Tyler, published on 8 March 1992: <URL>\n\n(e) \"Senior U.S. Officials Assail Lone-Superpower Policy\" by Patrick E. Tyler, published on 11 March 1992: <URL>\n\n(f) \"Dick Cheney's Song of America: Drafting a plan for global dominance\" by David Armstrong, originally published October 2002: <URL>\n\n(g) \"Keeping U.S. No. 1: Is It Wise? Is It New?\" by Judith Miller, published on 26 October 2002: <URL>\n\n(h) \"\u0411\u043e\u043b\u0435\u0437\u043d\u0435\u043d\u043d\u043e\u0435 \u043f\u0440\u043e\u0449\u0430\u043d\u0438\u0435 \u0441 \u043c\u0438\u0444\u043e\u043c \u043e\u0431 \u0438\u0441\u043a\u043b\u044e\u0447\u0438\u0442\u0435\u043b\u044c\u043d\u043e\u0441\u0442\u0438\" by Andranik Migranyan, published on 17 October 2013: <URL>\n\nEnglish translation via Google Translate: <URL>\n(a) \"A Dire View of the United States From Abroad\" by Arnold J. Toynbee, published on 10 May 1970 in The New York Times: <URL>\n\n(b) <URL>\n\n(c) \"Vladimir Putin answered journalists' questions on the situation in Ukraine\", 4 March 2014: <URL> (English), <URL> (Russian)\n\n(d) \"Political Meddling by Outsiders: Not New for U.S.\" by John M. Broder, published on 31 March 1997: <URL>\n\n(e) \"Innocence Abroad: The New World of Spyless Coups\" by David Ignatius, published in The Washington Post on 22 September 1991: <URL>\n\n(f) \"Missionaries For Democracy: U.S. Aid For Global Pluralism\" by David K. Shipler, published on 1 June 1986: <URL>\n\n(g) \"Trojan Horse: The National Endowment for Democracy\" by William Blum: <URL>\n\n(h) \"DALMIA: Busting the well-endowed\" by Shikha Dalmia, published on 24 February 2010: <URL>\n\n\"WEBER: Defending the well-endowed\" by Vin Weber, published on 11 March 2010: <URL>\n\n(i) \"Putin warns against letting West use anti-Kremlin groups\" by Timothy Heritage, published on 7 April 2014: <URL>\n(a) \"Declassified: Joint Chiefs approved false flag attack on America\" by Ralph Lopez, published on 8 August 2013: <URL>\n\n(b) \" . . . The Joint Chiefs even proposed using the potential death of astronaut John Glenn during the first attempt to put an American into orbit as a false pretext for war with Cuba, the documents show.\n\nShould the rocket explode and kill Glenn, they wrote, \"the objective is to provide irrevocable proof that the fault lies with the Communists et all Cuba [sic].\"\n\nThe plans were motivated by an intense desire among senior military leaders to depose Castro, who seized power in 1959 to become the first communist leader in the Western Hemisphere -- only 90 miles from U.S. shores.\n\nThe earlier CIA-backed Bay of Pigs invasion of Cuba by Cuban exiles had been a disastrous failure, in which the military was not allowed to provide firepower. The military leaders now wanted a shot at it. . . .\"\n\nSource: \"U.S. Military Wanted to Provoke War With Cuba\" by David Ruppe, published on 1 May 2001 at  <URL>\n\"Mafia States: Organized Crime Takes Office\" by Mois\u00e9s Na\u00edm, published in the May/June 2012 issue of Foreign Affairs: <URL>\n\n\"Mafia States\" by Mois\u00e9s Na\u00edm, posted on 25 April 2012: <URL>\n\"The Histomap. Four Thousand Years Of World History. Relative Power Of Contemporary States, Nations And Empires.\" by John B. Sparks, 4194 x 19108 pixels: <URL>\n\nRead the publishers' foreword in \"(Covers to) The Histomap. Four Thousand Years Of World History. Relative Power Of Contemporary States, Nations And Empires.\":  <URL> Mirror\n\nSource for the original, very large, high-resolution image (4194 x 19108 pixels): <URL> (\"Download 1: Full Image Download in MrSID Format\" and \"Download 2: MrSID Image Viewer for Windows\"), Mirror\n\n"}