{"language": "en", "subreddit": "worldnews", "author": "pharmaceus", "body": "That's a very good question. Upvote for you and three reasons for why it is still just a question:\n\n\n\n1. The tyranny of the status quo \n\nPeople are afraid of change not because they don't want to lose what they already have and the current system while being generally unsustainable does benefit certain people who also happen to be politically active. It turns into  \"not in my back yard\" mentality where you can ~~put new buildings~~ reform healthcare only not where it might affect their ~~view~~ benefit.\n\n2. It is not important who votes but who counts the votes. \n\nAmerican political system is totally broken and gives disproprtionate influence to small entrenched minorities\nNot only you have the issue with campaign financing and PACs but you have - most importantly - a totally rigged system of political representation where two parties formally have cemented over access to mainstream politics. Those two parties have elaborate structures and primaries which serve as a series of barriers to entry for grassroots activists promoting people who make their living from politics or who have plenty of time to do nothing.\n\n3. United we stand divided we fall.\n\nAmerican politics is very polarized on the issue of healthcare - and with good reason, but that's another story. A huge number of people support changing the system towards a more competitive market-based private insurance while another huge number of people support changing the system towards single-payer and other centralized programs. Those two groups essentially cancel each others momentum since the changes necessary to push the system one way or another are often directly in opposition... thus resulting in further continuation of the tyrannical status quo because people who are in favour of just fixing the current system are not strong enough to combat the defenders of the status quo on their own.\n\n\n\nHow does that affect the chances for change? Consider who would most likely be \"active politically\":\n\na) Everyone who is already on Medicare wont care because they aren't paying for it. Those tend to be people very vocal in politics - see the primaries, especially Republican ones.\n\nb) Everyone who is a federal or state employee won't care because they aren't paying for it. That includes not only your administrative workers but police, firemen, park rangers, active military - and their families - so a very motivated voter bloc because they are literally vote for their livelihoods.\n\nc) Everyone who's dependent on medicaid and similar programs will be terrified to support too radical a change since it might put them at a disadvantage and after all they aren't paying for it.\n\nd) Everyone who works for the healthcare industry won't risk their current position even if they see the pathology because insiders have always better access and very often - compared to what they get - they aren't paying for it.\n\ne) Everyone who has a good private insurance now will defend it because any reform that has socialization in mind will take away from them to give to those who have less. They are paying for it and they won't give it up. Union workers have often decent packages as part of their remuneration and they will fight to keep it (and bar anyone who wants a piece of their cake) with the same ferocity as they fight for their jobs.\n\n\n\nWho's left who can either successfully organize voting blocs or funding to influence change at the national scale in a 300+ million strong country?  Hardly the unstoppable juggernaut many people see \"the people\" to be. \"The people\" are quarrelsome, bickering, selfish, narrow-minded and ignorant. In that they definitely are an unstoppable juggernaut. As long as this doesn't change even a bit... nothing else will.\n\n\n\nEDIT:\n\nI'd have to add a fourth reason judging by this thread: everyone is too busy being popular with popular opinions in their little circle of friends rather than analyzing the problem and proposing solutions, let alone doing something.\n"}