{"language": "en", "subreddit": "worldnews", "author": "empfindsamkeit", "body": "Evidence for what statement? That the first time he was mentioned is decades after he died? Or that Josephus's Testimonium Flavianum was a forgery?\n\nYou can find some sources for both cited here. According to Wikipedia, the scholarly consensus is that Josephus's writings contained a kernel of authenticity testifying to Jesus's existence as the brother of James, called Christ, and a man who was executed by the Romans, but that it was definitely altered by Christians to some extent unknown. Yes, it's Wikipedia, but the article takes the position that Jesus was real, and it provides sources. Good enough for an internet argument.\n\nJosephus, if authentic, mentioned Jesus briefly in 93-94 AD. Jesus died around 30-36 AD. Pontius Pilate was only prefect of Judea between 26-36 AD, and everyone agrees he was prefect at Jesus's execution. So, the earliest written reference we have, of dubious authenticity, is a minimum of 57 years after his death. Josephus wasn't even born until a few years after his death. Even the gospels are believed to have been written 50-70 years after his death.\n\nOnce you dig down into why most historians have concluded Jesus was a real person, it will probably rattle you a bit. They don't actually have any solid evidence that he was real, in a sense that you or I would agree on; they simply agree he is real according to widely agreed-upon arguments for authenticity in general in historical sources (whether it be Jesus or Hannibal Barca). First off, as New Testament scholar/professor/theologian James Dunn says, the only widespread agreement is on his baptism by John the Baptist and his crucifixion as historically certain. To take one example of how they reason themselves into this position, they say that Jesus likely was baptized by invoking the \"criterion of embarrassment\", i.e. \"a critical analysis of historical accounts in which accounts embarrassing to the author are presumed to be true because the author would have no reason to invent an embarrassing account about himself.\". The story goes that Jesus, being the Most High and without sin and all, would not want or need to be baptized by some loser named John, early in his career. The early Church would not have wanted to invent a story like this, so the telling is probably true. There are other \"criteria\", like that of \"multiple attestation\": the more independent sources who mention it consistently, the more likely it is to be true. I've got another theory for that: it's called repeating rumors/stories you've been told, or just local oral histories that the region agrees on.\n\nI'm not denying there's a certain amount of logic in all that, but it's still pretty flimsy reason to believe Jesus was a real person. Also consider that the vast majority of these scholars that certify that Jesus was a real person are clergymen or fervent believers of one sort or another. While they're still legitimate scholars, it's hard to believe their deep, abiding beliefs in this man don't infiltrate their research into the truth of his very existence to some extent. I still accept these criteria valid for the study of history, because we lack better tools and, for the purposes of historical study, if it looks like a duck, sounds like a duck, and acts like a duck, it must've been (or might as well have been) a duck. The common belief in Jesus's actual existence and the events of his life are \"good enough\" for all intents and purposes. I.e. would it really make a difference whether Jesus was real and actually did all those things, as opposed to everyone merely believing he was real and did all those things? No, not really. Is any of that enough to conclude with any real certainty that he existed? No, not really. His character has been distorted so drastically (to a tall, muscular, handsome white man who favors America, for example) that he's basically fictional at this point, whatever his origins.\n\nReal life is full of examples where we could apply logic like the criterion of embarrassment to conclude extraordinary things about people/events because some factor makes it \"unlikely\" that so-and-so would lie about such-and-such. My neighbor once told me about how her daughter was busted for pot possession when pulled over for a routine stop. The cop asked her if there was any in the car, and she said yes. She voluntarily told her mother about it and that it belonged to her friends in the car. Her mother believes her because \"why would she try to be honest and tell the cop and her mother about it if she knew it would get her in trouble because it was hers?\" A reasonable question. Long story short, though: It was hers. Maybe she thought along the same lines as her mother and decided her best chance was to play into that logic. I've heard so many wild stories (e.g. ghost stories) and so many similar, almost-plausible arguments in favor of their truth like this that I just can't take it seriously.\n"}